Sr. No.,Symbol,Company Name,"Market capitalization as on March 31, 2023
(Rs in Lakhs)"
1,RELIANCE,Reliance Industries Limited,157706938
2,TCS,Tata Consultancy Services Limited,117305528
3,HDFCBANK,HDFC Bank Limited,89808750
4,ICICIBANK,ICICI Bank Limited,61248250
5,HINDUNILVR,Hindustan Unilever Limited,60157760
6,INFY,Infosys Limited,59239363
7,ITC,ITC Limited,47632201
8,SBIN,State Bank of India,46742655
9,BHARTIARTL,Bharti Airtel Limited,41757759
10,KOTAKBANK,Kotak Mahindra Bank Limited,34423149
11,BAJFINANCE,Bajaj Finance Limited,34005446
12,LICI,Life Insurance Corporation Of India,33797625
13,LT,Larsen & Toubro Limited,30416456
14,HCLTECH,HCL Technologies Limited,29450050
15,ASIANPAINT,Asian Paints Limited,26489686
16,AXISBANK,Axis Bank Limited,26412100
17,MARUTI,Maruti Suzuki India Limited,25048932
18,SUNPHARMA,Sun Pharmaceutical Industries Limited,23587862
19,TITAN,Titan Company Limited,22326934
20,DMART,Avenue Supermarts Limited,22031141
21,ULTRACEMCO,UltraTech Cement Limited,22003820
22,BAJAJFINSV,Bajaj Finserv Limited,20173008
23,WIPRO,Wipro Limited,20044620
24,ADANIENT,Adani Enterprises Limited,19955150
25,ONGC,Oil & Natural Gas Corporation Limited,19002512
26,NTPC,NTPC Limited,16978862
27,JSWSTEEL,JSW Steel Limited,16632894
28,POWERGRID,Power Grid Corporation of India Limited,15743597
29,M&M,Mahindra & Mahindra Limited,14408769
30,LTIM,LTIMindtree Limited,14079903
31,TATAMOTORS,Tata Motors Limited,13976217
32,ADANIGREEN,Adani Green Energy Limited,13957702
33,ADANIPORTS,Adani Ports and Special Economic Zone Limited,13649918
34,COALINDIA,Coal India Limited,13166669
35,TATASTEEL,Tata Steel Limited,12771502
36,HINDZINC,Hindustan Zinc Limited,12394973
37,PIDILITIND,Pidilite Industries Limited,11960634
38,SIEMENS,Siemens Limited,11848655
39,ADANITRANS,Adani Transmission Limited,11077400
40,SBILIFE,SBI Life Insurance Company Limited,11020676
41,IOC,Indian Oil Corporation Limited,11000445
42,BAJAJ-AUTO,Bajaj Auto Limited,10992186
43,GRASIM,Grasim Industries Limited,10750221
44,TECHM,Tech Mahindra Limited,10733644
45,HDFCLIFE,HDFC Life Insurance Company Limited,10729624
46,BRITANNIA,Britannia Industries Limited,10410689
47,VEDL,Vedanta Limited,10201853
48,GODREJCP,Godrej Consumer Products Limited,9901225
49,DABUR,Dabur India Limited,9654339
50,ATGL,Adani Total Gas Limited,9543602
51,SHREECEM,SHREE CEMENT LIMITED,9448447
52,HAL,Hindustan Aeronautics Limited,9132457
53,HINDALCO,Hindalco Industries Limited,9109003
54,VBL,Varun Beverages Limited,9009370
55,DLF,DLF Limited,8829449
56,BANKBARODA,Bank of Baroda,8731845
57,INDUSINDBK,IndusInd Bank Limited,8285788
58,EICHERMOT,Eicher Motors Limited,8064561
59,DRREDDY,Dr. Reddy's Laboratories Limited,7698120
60,DIVISLAB,Divi's Laboratories Limited,7495107
61,BPCL,Bharat Petroleum Corporation Limited,7468737
62,HAVELLS,Havells India Limited,7446068
63,ADANIPOWER,Adani Power Limited,7389895
64,INDIGO,InterGlobe Aviation Limited,7366456
65,CIPLA,Cipla Limited,7268331
66,AMBUJACEM,Ambuja Cements Limited,7258526
67,SRF,SRF Limited,7149322
68,ABB,ABB India Limited,7131035
69,BEL,Bharat Electronics Limited,7130689
70,SBICARD,SBI Cards and Payment Services Limited,7002843
71,GAIL,GAIL (India) Limited,6913717
72,BAJAJHLDNG,Bajaj Holdings & Investment Limited,6588687
73,TATACONSUM,TATA CONSUMER PRODUCTS LIMITED,6585299
74,ICICIPRULI,ICICI Prudential Life Insurance Company Limited,6267856
75,CHOLAFIN,Cholamandalam Investment and Finance Company Limited,6258111
76,MARICO,Marico Limited,6204091
77,APOLLOHOSP,Apollo Hospitals Enterprise Limited,6198413
78,TATAPOWER,Tata Power Company Limited,6079133
79,BOSCHLTD,Bosch Limited,5712889
80,BERGEPAINT,Berger Paints (I) Limited,5650765
81,JINDALSTEL,Jindal Steel & Power Limited,5571721
82,MCDOWELL-N,United Spirits Limited,5500955
83,UPL,UPL Limited,5386736
84,AWL,Adani Wilmar Limited,5274746
85,ICICIGI,ICICI Lombard General Insurance Company Limited,5252551
86,TORNTPHARM,Torrent Pharmaceuticals Limited,5202414
87,CANBK,Canara Bank,5160294
88,PNB,Punjab National Bank,5131133
89,TVSMOTOR,TVS Motor Company Limited,5117638
90,ZYDUSLIFE,Zydus Lifesciences Limited,4975489
91,TIINDIA,Tube Investments of India Limited,4917996
92,TRENT,Trent Limited,4887775
93,IDBI,IDBI Bank Limited,4838581
94,NAUKRI,Info Edge (India) Limited,4810235
95,SHRIRAMFIN,Shriram Finance Limited,4715537
96,HEROMOTOCO,Hero MotoCorp Limited,4690938
97,INDHOTEL,The Indian Hotels Company Limited,4607069
98,PIIND,PI Industries Limited,4597362
99,IRCTC,Indian Railway Catering And Tourism Corporation Limited,4582400
100,CGPOWER,CG Power and Industrial Solutions Limited,4582158
101,UNIONBANK,Union Bank of India,4548524
102,MOTHERSON,Samvardhana Motherson International Limited,4546979
103,CUMMINSIND,Cummins India Limited,4517251
104,SCHAEFFLER,Schaeffler India Limited,4482086
105,LODHA,Macrotech Developers Limited,4482082
106,ZOMATO,Zomato Limited,4362290
107,PGHH,Procter & Gamble Hygiene and Health Care Limited,4330149
108,YESBANK,Yes Bank Limited,4327569
109,POLYCAB,Polycab India Limited,4313091
110,MAXHEALTH,Max Healthcare Institute Limited,4282467
111,IOB,Indian Overseas Bank,4243592
112,PAGEIND,Page Industries Limited,4227686
113,COLPAL,Colgate Palmolive (India) Limited,4099775
114,ASHOKLEY,Ashok Leyland Limited,4087089
115,ALKEM,Alkem Laboratories Limited,4060547
116,NHPC,NHPC Limited,4038104
117,PAYTM,One 97 Communications Limited,4035963
118,PFC,Power Finance Corporation Limited,4006324
119,JSWENERGY,JSW Energy Limited,3961201
120,MUTHOOTFIN,Muthoot Finance Limited,3933983
121,AUBANK,AU Small Finance Bank Limited,3861419
122,INDUSTOWER,Indus Towers Limited,3853760
123,BALKRISIND,Balkrishna Industries Limited,3772488
124,UBL,United Breweries Limited,3766319
125,ABCAPITAL,Aditya Birla Capital Limited,3712830
126,TATAELXSI,Tata Elxsi Limited,3711115
127,DALBHARAT,Dalmia Bharat Limited,3690082
128,HDFCAMC,HDFC Asset Management Company Limited,3644974
129,INDIANB,Indian Bank,3593720
130,ASTRAL,Astral Limited,3591337
131,BHARATFORG,Bharat Forge Limited,3587128
132,LTTS,L&T Technology Services Limited,3567802
133,MRF,MRF Limited,3564562
134,TATACOMM,Tata Communications Limited,3549675
135,NYKAA,FSN E-Commerce Ventures Limited,3543170
136,CONCOR,Container Corporation of India Limited,3535430
137,PERSISTENT,Persistent Systems Limited,3522810
138,PATANJALI,Patanjali Foods Limited,3508454
139,IRFC,Indian Railway Finance Corporation Limited,3476223
140,LINDEINDIA,Linde India Limited,3436826
141,IDFCFIRSTB,IDFC First Bank Limited,3435018
142,PETRONET,Petronet LNG Limited,3432750
143,SOLARINDS,Solar Industries India Limited,3431835
144,SAIL,Steel Authority of India Limited,3415944
145,MPHASIS,MphasiS Limited,3383194
146,HINDPETRO,Hindustan Petroleum Corporation Limited,3359122
147,APLAPOLLO,APL Apollo Tubes Limited,3342807
148,FLUOROCHEM,Gujarat Fluorochemicals Limited,3317690
149,NMDC,NMDC Limited,3269091
150,HONAUT,Honeywell Automation India Limited,3217006
151,SUPREMEIND,Supreme Industries Limited,3192884
152,GUJGASLTD,Gujarat Gas Limited,3163841
153,BANDHANBNK,Bandhan Bank Limited,3153212
154,ACC,ACC Limited,3130789
155,OBEROIRLTY,Oberoi Realty Limited,3063712
156,BANKINDIA,Bank of India,3063312
157,RECLTD,REC Limited,3040057
158,AUROPHARMA,Aurobindo Pharma Limited,3035748
159,STARHEALTH,Star Health and Allied Insurance Company Limited,3014834
160,IGL,Indraprastha Gas Limited,3000903
161,LUPIN,Lupin Limited,2950099
162,UCOBANK,UCO Bank,2905298
163,JUBLFOOD,Jubilant Foodworks Limited,2903979
164,POLICYBZR,PB Fintech Limited,2875793
165,GODREJPROP,Godrej Properties Limited,2866540
166,M&MFIN,Mahindra & Mahindra Financial Services Limited,2862105
167,IDEA,Vodafone Idea Limited,2823422
168,OFSS,Oracle Financial Services Software Limited,2819710
169,FEDERALBNK,The Federal Bank  Limited,2801027
170,MANYAVAR,Vedant Fashions Limited,2765608
171,UNOMINDA,UNO Minda Limited,2755450
172,AIAENG,AIA Engineering Limited,2738215
173,THERMAX,Thermax Limited,2731896
174,OIL,Oil India Limited,2728906
175,VOLTAS,Voltas Limited,2707464
176,3MINDIA,3M India Limited,2586894
177,COROMANDEL,Coromandel International Limited,2585081
178,SUNDARMFIN,Sundaram Finance Limited,2554833
179,KPITTECH,KPIT Technologies Limited,2536104
180,DEEPAKNTR,Deepak Nitrite Limited,2513178
181,ESCORTS,Escorts Kubota Limited,2495063
182,BIOCON,Biocon Limited,2477438
183,TATACHEM,Tata Chemicals Limited,2477377
184,TORNTPOWER,Torrent Power Limited,2453068
185,GMRINFRA,GMR Airports Infrastructure Limited,2447576
186,BHEL,Bharat Heavy Electricals Limited,2439185
187,SONACOMS,Sona BLW Precision Forgings Limited,2420648
188,DELHIVERY,Delhivery Limited,2416784
189,SYNGENE,Syngene International Limited,2386528
190,CRISIL,CRISIL Limited,2352052
191,GICRE,General Insurance Corporation of India,2344756
192,COFORGE,Coforge Limited,2329509
193,PHOENIXLTD,The Phoenix Mills Limited,2323555
194,JKCEMENT,JK Cement Limited,2259092
195,POONAWALLA,Poonawalla Fincorp Limited,2246207
196,GLAXO,GlaxoSmithKline Pharmaceuticals Limited,2244206
197,MFSL,Max Financial Services Limited,2191479
198,METROBRAND,Metro Brands Limited,2159328
199,MSUMI,Motherson Sumi Wiring India Limited,2133185
200,SUMICHEM,Sumitomo Chemical India Limited,2126860
201,RELAXO,Relaxo Footwears Limited,2118236
202,NAVINFLUOR,Navin Fluorine International Limited,2116258
203,SKFINDIA,SKF India Limited,2103956
204,CENTRALBK,Central Bank of India,2092106
205,GLAND,Gland Pharma Limited,2088684
206,KANSAINER,Kansai Nerolac Paints Limited,2084541
207,GRINDWELL,Grindwell Norton Limited,2079764
208,TIMKEN,Timken India Limited,2072615
209,IPCALAB,IPCA Laboratories Limited,2055892
210,SUNDRMFAST,Sundram Fasteners Limited,2055055
211,ATUL,Atul Limited,2053877
212,ZEEL,Zee Entertainment Enterprises Limited,2038702
213,L&TFH,L&T Finance Holdings Limited,2034570
214,ABFRL,Aditya Birla Fashion and Retail Limited,2033642
215,APOLLOTYRE,Apollo Tyres Limited,2031688
216,KPRMILL,K.P.R. Mill Limited,1976027
217,ZFCVINDIA,ZF Commercial Vehicle Control Systems India Limited,1974307
218,FORTIS,Fortis Healthcare Limited,1962136
219,AARTIIND,Aarti Industries Limited,1878315
220,HATSUN,Hatsun Agro Product Limited,1876431
221,CARBORUNIV,Carborundum Universal Limited,1871932
222,CROMPTON,Crompton Greaves Consumer Electricals Limited,1863440
223,VINATIORGA,Vinati Organics Limited,1858711
224,IIFL,IIFL Finance Limited,1855993
225,BATAINDIA,Bata India Limited,1822970
226,BDL,Bharat Dynamics Limited,1812102
227,LICHSGFIN,LIC Housing Finance Limited,1808332
228,RAJESHEXPO,Rajesh Exports Limited,1801381
229,RAMCOCEM,The Ramco Cements Limited,1787906
230,ENDURANCE,Endurance Technologies Limited,1746540
231,DEVYANI,Devyani International Limited,1742977
232,PSB,Punjab & Sind Bank,1738502
233,DIXON,Dixon Technologies (India) Limited,1704195
234,KAJARIACER,Kajaria Ceramics Limited,1678789
235,WHIRLPOOL,Whirlpool of India Limited,1668428
236,MAHABANK,Bank of Maharashtra,1665798
237,SUNTV,Sun TV Network Limited,1638801
238,PEL,Piramal Enterprises Limited,1618975
239,PRESTIGE,Prestige Estates Projects Limited,1616274
240,NIACL,The New India Assurance Company Limited,1603504
241,RADICO,Radico Khaitan Limited,1596867
242,PFIZER,Pfizer Limited,1586142
243,NH,Narayana Hrudayalaya Ltd.,1582059
244,EMAMILTD,Emami Limited,1581743
245,LAURUSLABS,Laurus Labs Limited,1577978
246,FIVESTAR,Five-Star Business Finance Limited,1575125
247,AJANTPHARM,Ajanta Pharma Limited,1548777
248,INDIAMART,Indiamart Intermesh Limited,1536775
249,360ONE,360 ONE WAM LIMITED,1533603
250,KEI,KEI Industries Limited,1532054
251,JBCHEPHARM,JB Chemicals & Pharmaceuticals Limited,1529252
252,LALPATHLAB,Dr. Lal Path Labs Ltd.,1524048
253,JSL,Jindal Stainless Limited,1522886
254,IRB,IRB Infrastructure Developers Limited,1518809
255,EXIDEIND,Exide Industries Limited,1512575
256,GSPL,Gujarat State Petronet Limited,1495160
257,BLUEDART,Blue Dart Express Limited,1474205
258,NATIONALUM,National Aluminium Company Limited,1439919
259,RVNL,Rail Vikas Nigam Limited,1430324
260,CREDITACC,CREDITACCESS GRAMEEN LIMITED,1429656
261,TRIDENT,Trident Limited,1424320
262,POWERINDIA,Hitachi Energy India Limited,1416989
263,MEDANTA,Global Health Limited,1413200
264,GILLETTE,Gillette India Limited,1406411
265,RATNAMANI,Ratnamani Metals & Tubes Limited,1389118
266,ELGIEQUIP,Elgi Equipments Limited,1388537
267,ISEC,ICICI Securities Limited,1382035
268,CGCL,Capri Global Capital Limited,1362980
269,GODREJIND,Godrej Industries Limited,1359514
270,CLEAN,Clean Science and Technology Limited,1346986
271,MAZDOCK,Mazagon Dock Shipbuilders Limited,1337306
272,AEGISCHEM,Aegis Logistics Limited,1330115
273,FACT,Fertilizers and Chemicals Travancore Limited,1329086
274,BLUESTARCO,Blue Star Limited,1328313
275,SANOFI,Sanofi India Limited,1320898
276,FINEORG,Fine Organic Industries Limited,1320495
277,AFFLE,Affle (India) Limited,1315321
278,GLENMARK,Glenmark Pharmaceuticals Limited,1311235
279,NAM-INDIA,Nippon Life India Asset Management Limited,1308980
280,SJVN,SJVN Limited,1306657
281,REDINGTON,Redington Limited,1302471
282,AAVAS,Aavas Financiers Limited,1273409
283,IDFC,IDFC Limited,1256788
284,FINCABLES,Finolex Cables Limited,1242785
285,NUVOCO,Nuvoco Vistas Corporation Limited,1231832
286,BAJAJELEC,Bajaj Electricals Limited,1210481
287,APTUS,Aptus Value Housing Finance India Limited,1209715
288,SUVENPHAR,Suven Pharmaceuticals Limited,1202565
289,ASTERDM,Aster DM Healthcare Limited,1202328
290,RHIM,RHI MAGNESITA INDIA LIMITED,1184941
291,KEC,KEC International Limited,1173223
292,SONATSOFTW,Sonata Software Limited,1172596
293,AETHER,Aether Industries Limited,1166105
294,DCMSHRIRAM,DCM Shriram Limited,1165513
295,IEX,Indian Energy Exchange Limited,1140921
296,HAPPSTMNDS,Happiest Minds Technologies Limited,1127692
297,KIMS,Krishna Institute of Medical Sciences Limited,1121549
298,ALKYLAMINE,Alkyl Amines Chemicals Limited,1101423
299,CYIENT,Cyient Limited,1100498
300,CHAMBLFERT,Chambal Fertilizers & Chemicals Limited,1099205
301,ASAHIINDIA,Asahi India Glass Limited,1099131
302,CASTROLIND,Castrol India Limited,1097431
303,BRIGADE,Brigade Enterprises Limited,1095283
304,KALYANKJIL,Kalyan Jewellers India Limited,1085161
305,TTML,Tata Teleservices (Maharashtra) Limited,1084007
306,VGUARD,V-Guard Industries Limited,1080458
307,NLCINDIA,NLC India Limited,1069790
308,LAXMIMACH,Lakshmi Machine Works Limited,1066409
309,TRITURBINE,Triveni Turbine Limited,1059007
310,FINPIPE,Finolex Industries Limited,1058534
311,AKZOINDIA,Akzo Nobel India Limited,1047678
312,MANAPPURAM,Manappuram Finance Limited,1046990
313,EIHOTEL,EIH Limited,1035916
314,CENTURYPLY,Century Plyboards (India) Limited,1035770
315,NATCOPHARM,Natco Pharma Limited,1028436
316,KIOCL,KIOCL Limited,1024364
317,CHOLAHLDNG,Cholamandalam Financial Holdings Limited,1022732
318,CAMPUS,Campus Activewear Limited,1015519
319,CAMS,Computer Age Management Services Limited,995035
320,AMARAJABAT,Amara Raja Batteries Limited,989175
321,ZYDUSWELL,Zydus Wellness Limited,986489
322,BASF,BASF India Limited,985008
323,TEJASNET,Tejas Networks Limited,977791
324,APLLTD,Alembic Pharmaceuticals Limited,975641
325,MGL,Mahanagar Gas Limited,971430
326,GRINFRA,G R Infraprojects Limited,971338
327,ANGELONE,Angel One Limited,970012
328,SFL,Sheela Foam Limited,969705
329,TTKPRESTIG,TTK Prestige Limited,969120
330,APARINDS,Apar Industries Limited,958591
331,HINDCOPPER,Hindustan Copper Limited,951068
332,CDSL,Central Depository Services (India) Limited,949644
333,GODFRYPHLP,Godfrey Phillips India Limited,946159
334,RENUKA,Shree Renuka Sugars Limited,938664
335,CUB,City Union Bank Limited,931814
336,JKLAKSHMI,JK Lakshmi Cement Limited,931241
337,ANURAS,Anupam Rasayan India Limited,929945
338,MRPL,Mangalore Refinery and Petrochemicals Limited,920991
339,GESHIP,The Great Eastern Shipping Company Limited,920206
340,POLYMED,Poly Medicure Limited,914014
341,NSLNISP,NMDC Steel Limited,909953
342,BIKAJI,Bikaji Foods International Limited,904723
343,MOTILALOFS,Motilal Oswal Financial Services Limited,902921
344,ABSLAMC,Aditya Birla Sun Life AMC Limited,896256
345,CESC,CESC Limited,883493
346,TATAINVEST,Tata Investment Corporation Limited,882736
347,ALLCARGO,Allcargo Logistics Limited,873816
348,PNBHOUSING,PNB Housing Finance Limited,866321
349,HUDCO,Housing & Urban Development Corporation Limited,865822
350,ITI,ITI Limited,856044
351,ROUTE,ROUTE MOBILE LIMITED,852912
352,RITES,RITES Limited,851990
353,VTL,Vardhman Textiles Limited,849166
354,RBLBANK,RBL Bank Limited,845961
355,HFCL,HFCL Limited,839744
356,KARURVYSYA,Karur Vysya Bank Limited,837096
357,CERA,Cera Sanitaryware Limited,832773
358,EIDPARRY,EID Parry India Limited,832025
359,INGERRAND,Ingersoll Rand (India) Limited,826750
360,GALAXYSURF,Galaxy Surfactants Limited,825883
361,PPLPHARMA,Piramal Pharma Limited,816827
362,UTIAMC,UTI Asset Management Company Limited,815164
363,KRBL,KRBL Limited,813978
364,RAYMOND,Raymond Limited,813564
365,ASTRAZEN,AstraZeneca Pharma India Limited,813200
366,VIPIND,VIP Industries Limited,811260
367,ACI,Archean Chemical Industries Limited,800398
368,BALRAMCHIN,Balrampur Chini Mills Limited,799363
369,SUZLON,Suzlon Energy Limited,795774
370,GODREJAGRO,Godrej Agrovet Limited,793048
371,GNFC,Gujarat Narmada Valley Fertilizers and Chemicals Limited,791626
372,ERIS,Eris Lifesciences Limited,778012
373,PGHL,Procter & Gamble Health Limited,777855
374,MEDPLUS,Medplus Health Services Limited,775129
375,SAPPHIRE,Sapphire Foods India Limited,774012
376,DATAPATTNS,Data Patterns (India) Limited,770171
378,JBMA,JBM Auto Limited,761512
379,EASEMYTRIP,Easy Trip Planners Limited,757908
380,CCL,CCL Products (India) Limited,755133
381,EQUITASBNK,Equitas Small Finance Bank Limited,745185
382,CHALET,Chalet Hotels Limited,744548
383,RAINBOW,Rainbow Childrens Medicare Limited,741470
384,PNCINFRA,PNC Infratech Limited,741142
385,FSL,Firstsource Solutions Limited,735325
386,KSB,Ksb Limited,729155
387,BSOFT,BIRLASOFT LIMITED,717824
388,KNRCON,KNR Constructions Limited,713492
389,SHOPERSTOP,Shoppers Stop Limited,711340
390,SYMPHONY,Symphony Limited,709469
391,CENTURYTEX,Century Textiles & Industries Limited,708151
392,CANFINHOME,Can Fin Homes Limited,704652
393,GRANULES,Granules India Limited,703618
394,TANLA,Tanla Platforms Limited,703250
395,JYOTHYLAB,Jyothy Labs Limited,699532
396,SPLPETRO,Supreme Petrochem Limited,696317
397,DEEPAKFERT,Deepak Fertilizers and Petrochemicals Corporation Limited,692667
398,CRAFTSMAN,Craftsman Automation Limited,687790
399,BIRLACORPN,Birla Corporation Limited,685502
400,BLS,BLS International Services Limited,680729
401,SHYAMMETL,Shyam Metalics and Energy Limited,670480
402,NCC,NCC Limited,666145
403,GMMPFAUDLR,GMM Pfaudler Limited,659073
404,LATENTVIEW,Latent View Analytics Limited,657939
405,USHAMART,Usha Martin Limited,653671
406,HOMEFIRST,Home First Finance Company India Limited,653569
407,JKPAPER,JK Paper Limited,646609
408,TMB,Tamilnad Mercantile Bank Limited,645441
409,JINDWORLD,Jindal Worldwide Limited,643169
410,METROPOLIS,Metropolis Healthcare Limited,639263
411,SAREGAMA,Saregama India Limited,638489
412,NBCC,NBCC (India) Limited,638100
413,ECLERX,eClerx Services Limited,632623
414,BALAMINES,Balaji Amines Limited,629649
415,WELSPUNIND,Welspun India Limited,628899
416,PRAJIND,Praj Industries Limited,626462
417,COCHINSHIP,Cochin Shipyard Limited,625803
418,ZENSARTECH,Zensar Technologies Limited,621067
419,AMBER,Amber Enterprises India Limited,614776
420,LEMONTREE,Lemon Tree Hotels Limited,612010
421,PRINCEPIPE,Prince Pipes And Fittings Limited,599794
422,TRIVENI,Triveni Engineering & Industries Limited,593542
423,GARFIBRES,Garware Technical Fibres Limited,593035
424,LXCHEM,Laxmi Organic Industries Limited,590658
425,STLTECH,Sterlite Technologies Limited,587870
426,CEATLTD,CEAT Limited,586749
427,BSE,BSE Limited,583777
428,SPARC,Sun Pharma Advanced Research Company Limited,581990
429,ALOKINDS,Alok Industries Limited,575968
430,ORIENTELEC,Orient Electric Limited,575159
431,INDIACEM,The India Cements Limited,573465
432,JUBLINGREA,Jubilant Ingrevia Limited,573332
433,KIRLOSENG,Kirloskar Oil Engines Limited,573211
434,TCIEXP,TCI Express Limited,571974
435,JMFINANCIL,JM Financial Limited,569053
436,NETWORK18,Network18 Media & Investments Limited,567970
437,BBTC,Bombay Burmah Trading Corporation Limited,566094
438,SWANENERGY,Swan Energy Limited,564255
439,GPPL,Gujarat Pipavav Port Limited,562966
440,KAYNES,Kaynes Technology India Limited,559796
441,VRLLOG,VRL Logistics Limited,558861
442,INTELLECT,Intellect Design Arena Limited,557277
443,SWSOLAR,Sterling and Wilson Renewable Energy Limited,553146
444,CHEMPLASTS,Chemplast Sanmar Limited,549984
445,QUESS,Quess Corp Limited,547804
446,ROLEXRINGS,Rolex Rings Limited,545265
447,MAHLIFE,Mahindra Lifespace Developers Limited,544509
448,ESABINDIA,Esab India Limited,543812
449,MHRIL,Mahindra Holidays & Resorts India Limited,543037
450,GOCOLORS,Go Fashion (India) Limited,542601
451,HGS,Hinduja Global Solutions Limited,540801
452,BORORENEW,BOROSIL RENEWABLES LIMITED,536152
453,GAEL,Gujarat Ambuja Exports Limited,532861
454,MAPMYINDIA,C.E. Info Systems Limited,532476
455,PRSMJOHNSN,Prism Johnson Limited,530286
456,RUSTOMJEE,Keystone Realtors Limited,527423
457,IRCON,Ircon International Limited,526689
458,RCF,Rashtriya Chemicals and Fertilizers Limited,526035
459,WELCORP,Welspun Corp Limited,524366
460,BEML,BEML Limited,523638
461,GRSE,Garden Reach Shipbuilders & Engineers Limited,521670
462,EPL,EPL Limited,516229
463,MINDACORP,Minda Corporation Limited,514379
464,GRAPHITE,Graphite India Limited,512959
465,HGINFRA,H.G. Infra Engineering Limited,510094
466,OLECTRA,Olectra Greentech Limited,508285
467,RELINFRA,Reliance Infrastructure Limited,507457
468,JUSTDIAL,Just Dial Limited,501835
469,RAIN,Rain Industries Limited,501323
470,IONEXCHANG,ION Exchange (India) Limited,500712
471,EDELWEISS,Edelweiss Financial Services Limited,496071
472,UJJIVANSFB,Ujjivan Small Finance Bank Limited,493535
473,TV18BRDCST,TV18 Broadcast Limited,492879
474,GPIL,Godawari Power And Ispat limited,491757
475,MTARTECH,Mtar Technologies Limited,486478
476,TCI,Transport Corporation of India Limited,486206
477,RTNINDIA,RattanIndia Enterprises Limited,485868
478,VSTIND,VST Industries Limited,485733
479,SAFARI,Safari Industries (India) Limited,485572
480,ACE,Action Construction Equipment Limited,484550
481,MAHSCOOTER,Maharashtra Scooters Limited,483811
482,DELTACORP,Delta Corp Limited,483347
483,GLS,Glenmark Life Sciences Limited,481409
484,GHCL,GHCL Limited,481322
485,INDIGOPNTS,Indigo Paints Limited,479856
486,MAHSEAMLES,Maharashtra Seamless Limited,479114
487,SUPRAJIT,Suprajit Engineering Limited,477178
488,KFINTECH,Kfin Technologies Limited,474263
489,GSFC,Gujarat State Fertilizers & Chemicals Limited,474188
490,J&KBANK,The Jammu & Kashmir Bank Limited,471606
491,RELIGARE,Religare Enterprises Limited,469161
492,MASTEK,Mastek Limited,469144
493,SIS,SIS LIMITED,467281
494,JINDALSAW,Jindal Saw Limited,466521
495,TEGA,Tega Industries Limited,465441
496,SYRMA,Syrma SGS Technology Limited,464130
497,AVANTIFEED,Avanti Feeds Limited,462486
498,STARCEMENT,Star Cement Limited,461302
499,IBULHSGFIN,Indiabulls Housing Finance Limited,459099
500,RKFORGE,Ramkrishna Forgings Limited,457444
501,CAPLIPOINT,Caplin Point Laboratories Limited,452342
502,VAIBHAVGBL,Vaibhav Global Limited,450209
503,RBA,Restaurant Brands Asia Limited,445580
504,JUBLPHARMA,Jubilant Pharmova Limited,444155
505,SHARDACROP,Sharda Cropchem Limited,441810
506,NIITLTD,NIIT Limited,439151
507,PCBL,PCBL LIMITED,438234
508,MASFIN,MAS Financial Services Limited,438116
509,SCI,Shipping Corporation Of India Limited,435988
510,PDSL,PDS Limited,434876
511,GUJALKALI,Gujarat Alkalies and Chemicals Limited,429765
512,ELECON,Elecon Engineering Company Limited,428772
513,CMSINFO,CMS Info Systems Limited,427611
514,VMART,V-Mart Retail Limited,427540
515,ICRA,ICRA Limited,426811
516,JSWHL,JSW Holdings Limited,425926
517,FDC,FDC Limited,425228
518,CSBBANK,CSB Bank Limited,425214
519,KTKBANK,The Karnataka Bank Limited,423778
520,MMTC,MMTC Limited,418500
521,ENGINERSIN,Engineers India Limited,418441
522,SUNTECK,Sunteck Realty Limited,417025
523,PRIVISCL,Privi Speciality Chemicals Limited,410783
524,PARADEEP,Paradeep Phosphates Limited,410507
525,SOBHA,Sobha Limited,408406
526,FUSION,Fusion Micro Finance Limited,403278
527,GMDCLTD,Gujarat Mineral Development Corporation Limited,402588
528,VIJAYA,Vijaya Diagnostic Centre Limited,399405
529,JAMNAAUTO,Jamna Auto Industries Limited,397228
530,ANANTRAJ,Anant Raj Limited,395884
531,SANSERA,Sansera Engineering Limited,395622
532,MFL,Meghmani Finechem Limited,392088
533,AHLUCONT,Ahluwalia Contracts (India) Limited,386284
534,BSHSL,Bombay Super Hybrid Seeds Limited,385854
535,TATACOFFEE,Tata Coffee Limited,384467
536,TEAMLEASE,Teamlease Services Limited,382874
537,JKTYRE,JK Tyre & Industries Limited,381658
538,VARROC,Varroc Engineering Limited,380973
539,GREENLAM,Greenlam Industries Limited,380914
540,JPPOWER,Jaiprakash Power Ventures Limited,380367
541,INFIBEAM,Infibeam Avenues Limited,378906
542,SPANDANA,Spandana Sphoorty Financial Limited,378234
543,HSCL,Himadri Speciality Chemical Limited,377753
544,BHARATRAS,Bharat Rasayan Limited,377172
545,RAJRATAN,Rajratan Global Wire Limited,377152
546,LAOPALA,La Opala RG Limited,376845
547,SARDAEN,Sarda Energy & Minerals Limited,376185
548,RALLIS,Rallis India Limited,375130
549,BOROLTD,Borosil Limited,374276
550,RATEGAIN,Rategain Travel Technologies Limited,372286
551,SCHNEIDER,Schneider Electric Infrastructure Limited,372285
552,RPOWER,Reliance Power Limited,371653
553,ARVINDFASN,Arvind Fashions Limited,371444
554,TATVA,Tatva Chintan Pharma Chem Limited,369946
555,POWERMECH,Power Mech Projects Limited,368172
556,HCG,Healthcare Global Enterprises Limited,365110
557,NESCO,Nesco Limited,364771
558,HEIDELBERG,HeidelbergCement India Limited,364734
559,TECHNOE,Techno Electric & Engineering Company Limited,363322
560,POLYPLEX,Polyplex Corporation Limited,358675
561,SURYAROSNI,Surya Roshni Limited,357957
562,AUTOAXLES,Automotive Axles Limited,357285
563,JWL,Jupiter Wagons Limited,357227
564,NFL,National Fertilizers Limited,355424
565,HEG,HEG Limited,355349
566,RAJRILTD,Raj Rayon Industries Limited,355337
567,CHENNPETRO,Chennai Petroleum Corporation Limited,353665
568,WSTCSTPAPR,West Coast Paper Mills Limited,350456
569,LUXIND,Lux Industries Limited,349177
570,HIKAL,Hikal Limited,347277
571,MIDHANI,Mishra Dhatu Nigam Limited,345923
572,HLEGLAS,HLE Glascoat Limited,344604
573,SHAREINDIA,Share India Securities Limited,344502
574,NOCIL,NOCIL Limited,344367
575,NAZARA,Nazara Technologies Limited,341756
576,BANARISUG,Bannari Amman Sugars Limited,339964
577,ANANDRATHI,Anand Rathi Wealth Limited,336716
578,PRUDENT,Prudent Corporate Advisory Services Limited,334814
579,GRAVITA,Gravita India Limited,334592
580,GREENPANEL,Greenpanel Industries Limited,333608
581,VESUVIUS,Vesuvius India Limited,332348
582,DCBBANK,DCB Bank Limited,331732
583,ROSSARI,Rossari Biotech Limited,328782
584,RESPONIND,Responsive Industries Limited,328703
585,TINPLATE,The Tinplate Company of India Limited,326301
586,KIRLOSBROS,Kirloskar Brothers Limited,325775
587,RAILTEL,Railtel Corporation Of India Limited,324469
588,AMIORG,Ami Organics Limited,324181
589,ISGEC,Isgec Heavy Engineering Limited,320809
590,NEOGEN,Neogen Chemicals Limited,320769
591,MARKSANS,Marksans Pharma Limited,319115
592,NAVA,NAVA LIMITED,316392
593,NEWGEN,Newgen Software Technologies Limited,315290
594,BECTORFOOD,Mrs. Bectors Food Specialities Limited,314056
595,TITAGARH,Titagarh Wagons Limited,313755
596,AARTIDRUGS,Aarti Drugs Limited,312757
597,UJJIVAN,Ujjivan Financial Services Limited,311800
598,GATEWAY,Gateway Distriparks Limited,311778
599,SULA,Sula Vineyards Limited,308715
600,DAAWAT,LT Foods Limited,308650
601,SOUTHBANK,The South Indian Bank Limited,306587
602,GET&D,GE T&D India Limited,305335
603,HARSHA,Harsha Engineers International Limited,305043
604,PGEL,PG Electroplast Limited,303011
605,RSYSTEMS,R Systems International Limited,301201
606,INDOCO,Indoco Remedies Limited,299719
607,MOLDTKPAC,Mold-Tek Packaging Limited,299063
608,IFBIND,IFB Industries Limited,298826
609,SBCL,Shivalik Bimetal Controls Limited,295769
610,BCG,Brightcom Group Limited,294617
611,GREAVESCOT,Greaves Cotton Limited,291993
612,MOIL,MOIL Limited,289356
613,TATASTLLP,Tata Steel Long Products Limited,284243
614,TARSONS,Tarsons Products Limited,283137
615,SHANTIGEAR,Shanthi Gears Limited,281586
616,CHOICEIN,Choice International Limited,280922
617,TIIL,Technocraft Industries (India) Limited,278950
618,DHANUKA,Dhanuka Agritech Limited,278666
619,JCHAC,Johnson Controls - Hitachi Air Conditioning India Limited,276409
620,DODLA,Dodla Dairy Limited,275898
621,DALMIASUG,Dalmia Bharat Sugar and Industries Limited,273534
622,VOLTAMP,Voltamp Transformers Limited,272398
623,ASTEC,Astec LifeSciences Limited,271538
624,SUDARSCHEM,Sudarshan Chemical Industries Limited,270886
625,KSCL,Kaveri Seed Company Limited,267278
626,SUNFLAG,Sunflag Iron And Steel Company Limited,265734
627,IBREALEST,Indiabulls Real Estate Limited,264879
628,THOMASCOOK,Thomas Cook  (India)  Limited,264119
629,HBLPOWER,HBL Power Systems Limited,264028
630,INOXWIND,Inox Wind Limited,263971
631,NILKAMAL,Nilkamal Limited,262047
632,ZENTEC,Zen Technologies Limited,260912
633,TCNSBRANDS,TCNS Clothing Co. Limited,259795
634,ADVENZYMES,Advanced Enzyme Technologies Limited,259432
635,STAR,Strides Pharma Science Limited,258582
636,FCL,Fineotex Chemical Limited,258155
637,KKCL,Kewal Kiran Clothing Limited,257532
638,HINDWAREAP,Hindware Home Innovation Limited,256905
639,MAHLOG,Mahindra Logistics Limited,255015
640,EMIL,Electronics Mart India Limited,254896
641,JTEKTINDIA,Jtekt India Limited,253648
642,MANINFRA,Man Infraconstruction Limited,253193
643,ITDC,India Tourism Development Corporation Limited,253191
644,APCOTEXIND,Apcotex Industries Limited,252770
645,PRICOLLTD,Pricol Limited,252599
646,PTC,PTC India Limited,251755
647,AARTIPHARM,Aarti Pharmalabs Limited,249992
648,MBAPL,Madhya Bharat Agro Products Limited,249014
649,SAGCEM,Sagar Cements Limited,248018
650,TDPOWERSYS,TD Power Systems Limited,247796
651,JAICORPLTD,Jai Corp Limited,247242
652,DBL,Dilip Buildcon Limited,246957
653,BARBEQUE,Barbeque Nation Hospitality Limited,246792
654,UNIPARTS,Uniparts India Limited,243429
655,UFLEX,UFLEX Limited,242306
656,WONDERLA,Wonderla Holidays Limited,242215
657,PSPPROJECT,PSP Projects Limited,241524
658,KIRLOSIND,Kirloskar Industries Limited,240367
659,IPL,India Pesticides Limited,239367
660,DISHTV,Dish TV India Limited,239363
661,TATAMETALI,Tata Metaliks Limited,236800
662,PAISALO,Paisalo Digital Limited,236635
663,PFOCUS,Prime Focus Limited,236484
664,HEMIPROP,Hemisphere Properties India Limited,234698
665,LGBBROSLTD,LG Balakrishnan & Bros Limited,233026
666,MAITHANALL,Maithan Alloys Limited,232892
667,SSWL,Steel Strips Wheels Limited,231561
668,NEULANDLAB,Neuland Laboratories Limited,231458
669,HATHWAY,Hathway Cable & Datacom Limited,229229
670,THYROCARE,Thyrocare Technologies Limited,227520
671,ORIENTCEM,Orient Cement Limited,225253
672,DREAMFOLKS,Dreamfolks Services Limited,224910
673,ETHOSLTD,Ethos Limited,224129
674,GLOBUSSPR,Globus Spirits Limited,223682
675,GANESHHOUC,Ganesh Housing Corporation Limited,223602
676,ARVIND,Arvind Limited,222273
677,ICIL,Indo Count Industries Limited,221920
678,SHRIPISTON,Shriram Pistons & Rings Limited,221802
679,WOCKPHARMA,Wockhardt Limited,221752
680,DBREALTY,D B Realty Limited,221464
681,ISMTLTD,ISMT Limited,220718
682,JINDALPOLY,Jindal Poly Films Limited,219304
683,WABAG,VA Tech Wabag Limited,218848
684,BAJAJCON,Bajaj Consumer Care Limited,218593
685,GENUSPOWER,Genus Power Infrastructures Limited,218183
686,BUTTERFLY,Butterfly Gandhimathi Appliances Limited,216584
687,NAVNETEDUL,Navneet Education Limited,215694
688,GOKEX,Gokaldas Exports Limited,215658
689,APOLLOPIPE,Apollo Pipes Limited,215479
690,LANDMARK,Landmark Cars Limited,215360
691,IFCI,IFCI Limited,215201
692,ATFL,Agro Tech Foods Limited,213633
693,EVEREADY,Eveready Industries India Limited,212356
694,AGI,AGI Greenpac Limited,209490
695,TI,Tilaknagar Industries Limited,208878
696,ASHOKA,Ashoka Buildcon Limited,207735
697,SOMANYCERA,Somany Ceramics Limited,207635
698,HCC,Hindustan Construction Company Limited,207285
699,JISLJALEQS,Jain Irrigation Systems Limited,207091
700,VINDHYATEL,Vindhya Telelinks Limited,206958
701,FIEMIND,Fiem Industries Limited,206057
702,TASTYBITE,Tasty Bite Eatables Limited,205854
703,JAYNECOIND,Jayaswal Neco Industries Limited,205366
704,HONDAPOWER,Honda India Power Products Limited,204302
705,UNICHEMLAB,Unichem Laboratories Limited,203965
706,MUKANDLTD,Mukand Limited,203811
707,CIGNITITEC,Cigniti Technologies Limited,203337
708,MMFL,MM Forgings Limited,202578
709,VENKEYS,Venky's (India) Limited,202548
710,RAMKY,Ramky Infrastructure Limited,201815
711,DIVGIITTS,Divgi Torqtransfer Systems Limited,201373
712,CAMLINFINE,Camlin Fine Sciences Limited,200216
713,SHILPAMED,Shilpa Medicare Limited,198646
714,GULFOILLUB,Gulf Oil Lubricants India Limited,198250
715,MOL,Meghmani Organics Limited,197602
716,DOLLAR,Dollar Industries Limited,197259
717,VSTTILLERS,V.S.T Tillers Tractors Limited,196493
718,SUBROS,Subros Limited,195740
719,DCAL,Dishman Carbogen Amcis Limited,195587
720,GABRIEL,Gabriel India Limited,195428
721,SIYSIL,Siyaram Silk Mills Limited,195073
722,TVSSRICHAK,TVS Srichakra Limited,194876
723,ASTRAMICRO,Astra Microwave Products Limited,194616
724,JKIL,J.Kumar Infraprojects Limited,192493
725,JAGRAN,Jagran Prakashan Limited,191281
726,ELECTCAST,Electrosteel Castings Limited,190868
727,CARERATING,CARE Ratings Limited,190787
728,INDIAGLYCO,India Glycols Limited,190289
729,BALMLAWRIE,Balmer Lawrie & Company Limited,189643
730,KOLTEPATIL,Kolte - Patil Developers Limited,189441
731,IMAGICAA,Imagicaaworld Entertainment Limited,188483
732,WELENT,Welspun Enterprises Limited,188304
733,TIPSINDLTD,TIPS Industries Limited,187548
734,SWARAJENG,Swaraj Engines Limited,186980
735,MAYURUNIQ,Mayur Uniquoters Ltd,184623
736,GANECOS,Ganesha Ecosphere Limited,184317
737,PARAS,Paras Defence and Space Technologies Limited,183437
738,LUMAXTECH,Lumax Auto Technologies Limited,183276
739,ACCELYA,Accelya Solutions India Limited,182056
740,KESORAMIND,Kesoram Industries Limited,182023
741,CARTRADE,Cartrade Tech Limited,181964
742,MPSLTD,MPS Limited,181647
743,SEQUENT,Sequent Scientific Limited,181089
744,HIL,HIL Limited,180965
745,GUFICBIO,Gufic Biosciences Limited,180705
746,ITDCEM,ITD Cementation India Limited,179260
747,PILANIINVS,Pilani Investment and Industries Corporation Limited,179227
748,MSTCLTD,Mstc Limited,178042
749,LSIL,Lloyds Steels Industries Limited,177404
750,PANAMAPET,Panama Petrochem Limited,176762
751,OPTIEMUS,Optiemus Infracom Limited,176694
752,SIRCA,Sirca Paints India Limited,176635
753,TIRUMALCHM,Thirumalai Chemicals Limited,175903
754,DYNAMATECH,Dynamatic Technologies Limited,175176
755,SUNDARMHLD,Sundaram Finance Holdings Limited,175129
756,TIMETECHNO,Time Technoplast Limited,174133
757,DBCORP,D.B.Corp Limited,173579
758,ASHIANA,Ashiana Housing Limited,173077
759,CONFIPET,Confidence Petroleum India Limited,172963
760,DIAMONDYD,Prataap Snacks Limited,172743
761,NUCLEUS,Nucleus Software Exports Limited,171162
762,GREENPLY,Greenply Industries Limited,170737
763,JPASSOCIAT,Jaiprakash Associates Limited,170594
764,WENDT,Wendt (India) Limited,170174
765,FINOPB,Fino Payments Bank Limited,169965
766,FMGOETZE,Federal-Mogul Goetze (India) Limited.,169956
767,SANGHIIND,Sanghi Industries Limited,169849
768,VAKRANGEE,Vakrangee Limited,169520
769,GNA,GNA Axles Limited,169094
770,AMRUTANJAN,Amrutanjan Health Care Limited,168368
771,EMUDHRA,eMudhra Limited,167738
772,DATAMATICS,Datamatics Global Services Limited,167534
773,SHARDAMOTR,Sharda Motor Industries Limited,166854
774,IOLCP,IOL Chemicals and Pharmaceuticals Limited,166049
775,LUMAXIND,Lumax Industries Limited,165385
776,BAJAJHIND,Bajaj Hindusthan Sugar Limited,164779
777,STYLAMIND,Stylam Industries Limited,164608
778,ANDHRAPAP,ANDHRA PAPER LIMITED,164588
779,SOTL,Savita Oil Technologies Limited,163803
780,ADFFOODS,ADF Foods Limited,163433
781,VIDHIING,Vidhi Specialty Food Ingredients Limited,162821
782,KABRAEXTRU,Kabra Extrusion Technik Limited,162665
783,BEPL,Bhansali Engineering Polymers Limited,162588
784,RUPA,Rupa & Company Limited,162429
785,NACLIND,NACL Industries Limited,162117
786,VSSL,Vardhman Special Steels Limited,161372
787,VISHNU,Vishnu Chemicals Limited,161331
788,DWARKESH,Dwarikesh Sugar Industries Limited,160715
789,DHANI,Dhani Services Limited,160158
790,BANCOINDIA,Banco Products (I) Limited,160094
791,KINGFA,Kingfa Science & Technology (India) Limited,159622
792,SUBEXLTD,Subex Limited,159609
793,HINDOILEXP,Hindustan Oil Exploration Company Limited,159018
794,RTNPOWER,RattanIndia Power Limited,158418
795,VADILALIND,Vadilal Industries Limited,157856
796,BBOX,Black Box Limited,156739
797,ORCHPHARMA,Orchid Pharma Limited,156429
798,PURVA,Puravankara Limited,154977
799,COSMOFIRST,COSMO FIRST LIMITED,154165
800,IMFA,Indian Metals & Ferro Alloys Limited,153742
801,SUPRIYA,Supriya Lifescience Limited,153521
802,SAKSOFT,Saksoft Limited,152986
803,IIFLSEC,IIFL Securities Limited,152843
804,SANGHVIMOV,Sanghvi Movers Limited,152439
805,GOKULAGRO,Gokul Agro Resources Limited,151675
806,ALEMBICLTD,Alembic Limited,151630
807,VENUSPIPES,Venus Pipes & Tubes Limited,151409
808,SEAMECLTD,Seamec Limited,151291
809,TNPL,Tamil Nadu Newsprint & Papers Limited,151087
810,KPIGREEN,KPI Green Energy Limited,150896
811,BFINVEST,BF Investment Limited,150237
812,SESHAPAPER,Seshasayee Paper and Boards Limited,148652
813,DHAMPURSUG,Dhampur Sugar Mills Limited,148409
814,ANDHRSUGAR,The Andhra Sugars Limited,147056
815,KIRIINDUS,Kiri Industries Limited,146717
816,TTKHLTCARE,TTK Healthcare Limited,146673
817,CARYSIL,CARYSIL LIMITED,146041
818,GOCLCORP,GOCL Corporation Limited,146041
819,STERTOOLS,Sterling Tools Limited,145015
820,SHALBY,Shalby Limited,144949
821,TIDEWATER,Tide Water Oil Company (India) Limited,144602
822,KRSNAA,Krsnaa Diagnostics Limited,144492
823,KRISHANA,Krishana Phoschem Limited,144119
824,HUHTAMAKI,Huhtamaki India Limited,143114
825,BBL,Bharat Bijlee Limited,143106
826,SEPC,SEPC Limited,142625
827,ORISSAMINE,The Orissa Minerals Development Company Limited,142155
828,FILATEX,Filatex India Limited,141985
829,THEJO,Thejo Engineering Limited,141954
830,APTECHT,Aptech Limited,141273
831,ORIENTHOT,Oriental Hotels Limited,140736
832,DCXINDIA,DCX Systems Limited,140685
833,FOSECOIND,Foseco India Limited,140445
834,GOLDIAM,Goldiam International Limited,140032
835,SHANKARA,Shankara Building Products Limited,139975
836,INSECTICID,Insecticides (India) Limited,138207
837,THANGAMAYL,Thangamayil Jewellery Limited,137896
838,SHK,S H Kelkar and Company Limited,137729
839,TEXRAIL,Texmaco Rail & Engineering Limited,136634
840,CANTABIL,Cantabil Retail India Limited,135674
841,GALLANTT,Gallantt Ispat Limited,134273
842,HERITGFOOD,Heritage Foods Limited,133765
843,KCP,KCP Limited,133433
844,MOREPENLAB,Morepen Laboratories Limited,131882
845,GATI,GATI Limited,130781
846,RAMASTEEL,Rama Steel Tubes Limited,129732
847,HESTERBIO,Hester Biosciences Limited,129543
848,NRBBEARING,NRB Bearing Limited,129489
849,INDOSTAR,IndoStar Capital Finance Limited,129033
850,MONTECARLO,Monte Carlo Fashions Limited,128902
851,KSL,Kalyani Steels Limited,128689
852,KDDL,KDDL Limited,128568
853,TCPLPACK,TCPL Packaging Limited,128201
854,MARATHON,Marathon Nextgen Realty Limited,128017
855,ARVSMART,Arvind SmartSpaces Limited,128006
856,DCW,DCW Limited,127950
857,DEN,Den Networks Limited,127896
858,STEELXIND,STEEL EXCHANGE INDIA LIMITED,127415
859,EIHAHOTELS,EIH Associated Hotels Limited,127144
860,IGPL,IG Petrochemicals Limited,127075
861,NITINSPIN,Nitin Spinners Limited,126636
862,EXPLEOSOL,Expleo Solutions Limited,125988
863,VERANDA,Veranda Learning Solutions Limited,125853
864,SALASAR,Salasar Techno Engineering Limited,125809
865,STYRENIX,Styrenix Performance Materials Limited,125790
866,ADORWELD,Ador Welding Limited,125187
867,BHAGCHEM,Bhagiradha Chemicals & Industries Limited,124658
868,PCJEWELLER,PC Jeweller Limited,124496
869,GENESYS,Genesys International Corporation Limited,124046
870,STOVEKRAFT,Stove Kraft Limited,123844
871,RANEHOLDIN,Rane Holdings Limited,123639
872,NDTV,New Delhi Television Limited,123591
873,XPROINDIA,Xpro India Limited,122624
874,MANORAMA,Manorama Industries Limited,122440
875,GRWRHITECH,Garware Hi-Tech Films Limited,122260
876,HARIOMPIPE,Hariom Pipe Industries Limited,121942
877,SANDHAR,Sandhar Technologies Limited,121495
878,AVTNPL,AVT Natural Products Limited,120913
879,IWEL,Inox Wind Energy Limited,120742
880,SJS,S.J.S. Enterprises Limited,120549
881,EVERESTIND,Everest Industries Limited,118938
882,FAIRCHEMOR,Fairchem Organics Limited,118900
883,SASKEN,Sasken Technologies Limited,118390
884,OAL,Oriental Aromatics Limited,118242
885,NELCO,NELCO Limited,118074
886,RIIL,Reliance Industrial Infrastructure Limited,118059
887,SOLARA,Solara Active Pharma Sciences Limited,117870
888,TAJGVK,Taj GVK Hotels & Resorts Limited,117722
889,BOMDYEING,Bombay Dyeing & Mfg Company Limited,117209
890,MANGCHEFER,Mangalore Chemicals & Fertilizers Limited,116026
891,GOODLUCK,Goodluck India Limited,115907
892,RPGLIFE,RPG Life Sciences Limited,115848
893,PATELENG,Patel Engineering Limited,115656
894,SPIC,Southern Petrochemicals Industries Corporation  Limited,114955
895,INOXGREEN,Inox Green Energy Services Limited,114878
896,GIPCL,Gujarat Industries Power Company Limited,114800
897,UNIVCABLES,Universal Cables Limited,114716
898,NSIL,Nalwa Sons Investments Limited,114506
899,HMT,HMT Limited,113765
900,MATRIMONY,Matrimony.Com Limited,113725
901,MTNL,Mahanagar Telephone Nigam Limited,113715
902,SDBL,Som Distilleries & Breweries Limited,113524
903,VALIANTORG,Valiant Organics Limited,113189
904,ARMANFIN,Arman Financial Services Limited,112901
905,REPCOHOME,Repco Home Finance Limited,112454
906,HERANBA,Heranba Industries Limited,111998
907,BFUTILITIE,BF Utilities Limited,111929
908,PRECWIRE,Precision Wires India Limited,111098
909,AXITA,Axita Cotton Limited,110958
910,GRMOVER,GRM Overseas Limited,110070
911,GTPL,GTPL Hathway Limited,109820
912,IGARASHI,Igarashi Motors India Limited,109565
913,INFOBEAN,InfoBeans Technologies Limited,109116
914,ALICON,Alicon Castalloy Limited,109045
915,THEMISMED,Themis Medicare Limited,108579
916,TVTODAY,TV Today Network Limited,108000
917,WHEELS,Wheels India Limited,107966
918,RPSGVENT,RPSG VENTURES LIMITED,107687
919,RAMCOIND,Ramco Industries Limited,107687
920,SMLISUZU,SML Isuzu Limited,107452
921,AHL,Abans Holdings Limited,107037
922,UNIENTER,Uniphos Enterprises Limited,106197
923,SATIN,Satin Creditcare Network Limited,105986
924,KUANTUM,Kuantum Papers Limited,105894
925,GANESHBE,Ganesh Benzoplast Limited,105859
926,SUVEN,Suven Life Sciences Limited,105766
927,SATIA,Satia Industries Limited,105500
928,GULPOLY,Gulshan Polyols Limited,105146
929,UGARSUGAR,The Ugar Sugar Works Limited,104288
930,MANALIPETC,Manali Petrochemicals Limited,103716
931,PIXTRANS,Pix Transmissions Limited,103626
932,SHRIRAMPPS,Shriram Properties Limited,103423
933,RADIANTCMS,Radiant Cash Management Services Limited,103080
934,PNBGILTS,PNB Gilts Limited,102966
935,INDORAMA,Indo Rama Synthetics (India) Limited,102617
936,ASHAPURMIN,Ashapura Minechem Limited,102556
937,UGROCAP,Ugro Capital Limited,102346
938,AXISCADES,AXISCADES Technologies Limited,102183
939,HITECH,Hi-Tech Pipes Limited,102057
940,PUNJABCHEM,Punjab Chemicals & Crop Protection Limited,101506
941,SURYODAY,Suryoday Small Finance Bank Limited,101116
942,EKC,Everest Kanto Cylinder Limited,101099
943,JASH,Jash Engineering Limited,100998
944,DPSCLTD,DPSC Limited,100787
945,TARC,TARC Limited,100628
946,BHARATWIRE,Bharat Wire Ropes Limited,99994
947,EXCELINDUS,Excel Industries Limited,99943
948,SPECIALITY,Speciality Restaurants Limited,99762
949,ANUP,The Anup Engineering Limited,99130
950,SKIPPER,Skipper Limited,98769
951,AJMERA,Ajmera Realty & Infra India Limited,98258
952,SHALPAINTS,Shalimar Paints Limited,98251
953,GMBREW,GM Breweries Limited,97703
954,SANGAMIND,Sangam (India) Limited,96873
955,SHIVALIK,Shivalik Rasayan Limited,96795
956,GMRP&UI,GMR Power and Urban Infra Limited,96273
957,PENIND,Pennar Industries Limited,95474
958,GEOJITFSL,Geojit Financial Services Limited,95398
959,BCLIND,Bcl Industries Limited,95079
960,DBOL,Dhampur Bio Organics Limited,95034
961,SHAILY,Shaily Engineering Plastics Limited,94340
962,LIKHITHA,Likhitha Infrastructure Limited,92905
963,MADRASFERT,Madras Fertilizers Limited,92553
964,STEELCAS,Steelcast Limited,92375
965,MKPL,M K Proteins Limited,91341
966,ROSSELLIND,Rossell India Limited,91320
967,KITEX,Kitex Garments Limited,91205
968,PRAKASH,Prakash Industries Limited,91153
969,ARTEMISMED,Artemis Medicare Services Limited,91067
970,RICOAUTO,Rico Auto Industries Limited,90979
971,OMAXE,Omaxe Limited,90902
972,CENTUM,Centum Electronics Limited,90870
973,ROTO,Roto Pumps Limited,90799
974,PRECAM,Precision Camshafts Limited,90427
975,BIGBLOC,Bigbloc Construction Limited,90396
976,SHREDIGCEM,Shree Digvijay Cement Co.Ltd,89445
977,CLSEL,Chaman Lal Setia Exports Limited,88827
978,GTLINFRA,GTL Infrastructure Limited,88698
979,PGIL,Pearl Global Industries Limited,88649
980,UTTAMSUGAR,Uttam Sugar Mills Limited,88213
981,AVADHSUGAR,Avadh Sugar & Energy Limited,87310
982,PITTIENG,Pitti Engineering Limited,86840
983,5PAISA,5Paisa Capital Limited,86699
984,NAHARSPING,Nahar Spinning Mills Limited,86665
985,SPCENET,Spacenet Enterprises India Limited,86188
986,SPORTKING,Sportking India Limited,85928
987,DEEPINDS,Deep Industries Limited,85920
988,PARAGMILK,Parag Milk Foods Limited,85391
989,AGARIND,Agarwal Industrial Corporation Limited,85192
990,CONTROLPR,Control Print Limited,85072
991,BAJAJHCARE,Bajaj Healthcare Limited,84686
992,KAMDHENU,Kamdhenu Limited,84349
993,CHEMCON,Chemcon Speciality Chemicals Limited,83811
994,GICHSGFIN,GIC Housing Finance Limited,83388
995,MEDICAMEQ,Medicamen Biotech Limited,83358
996,DLINKINDIA,D-Link (India) Limited,82815
997,ARIHANTSUP,Arihant Superstructures Limited,81538
998,VHL,Vardhman Holdings Limited,81521
999,PFS,PTC India Financial Services Limited,81249
1000,HEXATRADEX,Hexa Tradex Limited,81127
1001,CAPACITE,Capacit'e Infraprojects Limited,80757
1002,SPAL,S. P. Apparels Limited,80748
1003,NCLIND,NCL Industries Limited,80673
1004,63MOONS,63 moons technologies limited,80522
1005,NAVKARCORP,Navkar Corporation Limited,79625
1006,ORIENTPPR,Orient Paper & Industries Limited,79357
1007,DREDGECORP,Dredging Corporation of India Limited,79240
1008,AMBIKCO,Ambika Cotton Mills Limited,78965
1009,CENTRUM,Centrum Capital Limited,78630
1010,LINC,Linc Limited,78593
1011,RGL,Renaissance Global Limited,78255
1012,SCHAND,S Chand And Company Limited,78188
1013,NELCAST,Nelcast Limited,77257
1014,FAZE3Q,Faze Three Limited,76933
1015,KICL,Kalyani Investment Company Limited,76471
1016,DVL,Dhunseri Ventures Limited,76371
1017,JAGSNPHARM,Jagsonpal Pharmaceuticals Limited,75922
1018,POKARNA,Pokarna Limited,75820
1019,IFGLEXPOR,IFGL Refractories Limited,75484
1020,TRIL,Transformers And Rectifiers (India) Limited,75429
1021,CENTENKA,Century Enka Limited,75210
1022,SMCGLOBAL,SMC Global Securities Limited,74913
1023,ROHLTD,Royal Orchid Hotels Limited,74761
1024,INDNIPPON,India Nippon Electricals Limited,74741
1025,SHAKTIPUMP,Shakti Pumps (India) Limited,74329
1026,NGLFINE,NGL Fine-Chem Limited,74241
1027,IMPAL,India Motor Parts and Accessories Limited,74156
1028,BLISSGVS,Bliss GVS Pharma Limited,74105
1029,ALLSEC,Allsec Technologies Limited,74066
1030,ORIENTBELL,Orient Bell Limited,73160
1031,MANGLMCEM,Mangalam Cement Limited,72978
1032,SANDESH,The Sandesh Limited,72765
1033,BODALCHEM,Bodal Chemicals Limited,72485
1034,ESTER,Ester Industries Limited,72469
1035,ZOTA,Zota Health Care LImited,70889
1036,RSWM,RSWM Limited,70794
1037,INDRAMEDCO,Indraprastha Medical Corporation Limited,70634
1038,QUICKHEAL,Quick Heal Technologies Limited,70562
1039,SRHHYPOLTD,Sree Rayalaseema Hi-Strength Hypo Limited,70376
1040,AURIONPRO,Aurionpro Solutions Limited,70236
1041,GSLSU,Global Surfaces Limited,70205
1042,SASTASUNDR,Sastasundar Ventures Limited,70158
1043,MANAKSIA,Manaksia Limited,70056
1044,AWHCL,Antony Waste Handling Cell Limited,70053
1045,BLKASHYAP,B. L. Kashyap and Sons Limited,69886
1046,RAMRAT,Ram Ratna Wires Limited,69564
1047,JINDRILL,Jindal Drilling And Industries Limited,69526
1048,VIMTALABS,Vimta Labs Limited,69452
1049,DPABHUSHAN,D. P. Abhushan Limited,68957
1050,MOLDTECH,Mold-Tek Technologies Limited,68940
1051,ATULAUTO,Atul Auto Limited,68770
1052,KOKUYOCMLN,Kokuyo Camlin Limited,68658
1053,SIGACHI,Sigachi Industries Limited,68633
1054,HIMATSEIDE,Himatsingka Seide Limited,68034
1055,LINCOLN,Lincoln Pharmaceuticals Limited,67951
1056,GREENPOWER,Orient Green Power Company Limited,67941
1057,EMAMIPAP,Emami Paper Mills Limited,67759
1058,SATINDLTD,Sat Industries Limited,67455
1059,RAMCOSYS,Ramco Systems Limited,67303
1060,HPAL,HP Adhesives Limited,67013
1061,OCCL,Oriental Carbon & Chemicals Limited,66954
1062,FOCUS,Focus Lighting and Fixtures Limited,66947
1063,GEPIL,GE Power India Limited,66690
1064,SUTLEJTEX,Sutlej Textiles and Industries Limited,66433
1065,PANACEABIO,Panacea Biotec Limited,66426
1066,JAIBALAJI,Jai Balaji Industries Limited,66253
1067,RML,Rane (Madras) Limited,66118
1068,JETAIRWAYS,Jet Airways (India) Limited,65432
1069,TRACXN,Tracxn Technologies Limited,65302
1070,KHAICHEM,Khaitan Chemicals & Fertilizers Limited,65031
1071,TNPETRO,Tamilnadu PetroProducts Limited,64330
1072,ONWARDTEC,Onward Technologies Limited,64317
1073,TFCILTD,Tourism Finance Corporation of India Limited,64119
1074,ONMOBILE,OnMobile Global Limited,63973
1075,GANDHITUBE,Gandhi Special Tubes Limited,63217
1076,TEXINFRA,Texmaco Infrastructure & Holdings Limited,62821
1077,MEDICO,Medico Remedies Limited,62279
1078,TVSELECT,TVS Electronics Limited,61900
1079,HEUBACHIND,Heubach Colorants India Limited,61398
1080,VINYLINDIA,Vinyl Chemicals (India) Limited,61145
1081,PARACABLES,Paramount Communications Limited,60391
1082,FOODSIN,Foods & Inns Limited,60362
1083,HLVLTD,HLV LIMITED,60322
1084,COFFEEDAY,Coffee Day Enterprises Limited,60312
1085,APEX,Apex Frozen Foods Limited,60219
1086,YUKEN,Yuken India Limited,60210
1087,ELIN,Elin Electronics Limited,59864
1088,MONARCH,Monarch Networth Capital Limited,59786
1089,DMCC,DMCC SPECIALITY CHEMICALS LIMITED,59581
1090,CHEVIOT,Cheviot Company Limited,59375
1091,XCHANGING,Xchanging Solutions Limited,59267
1092,VISAKAIND,Visaka Industries Limited,59084
1093,SUMMITSEC,Summit Securities Limited,59039
1094,SUKHJITS,Sukhjit Starch & Chemicals Limited,58817
1095,INDIANHUME,Indian Hume Pipe Company Limited,58791
1096,JUBLINDS,Jubilant Industries Limited,58468
1097,ASALCBR,Associated Alcohols & Breweries Ltd.,58342
1098,DECCANCE,Deccan Cements Limited,58257
1099,JAYBARMARU,Jay Bharat Maruti Limited,57567
1100,APOLLO,Apollo Micro Systems Limited,57495
1101,ELDEHSG,Eldeco Housing And Industries Limited,57420
1102,HERCULES,Hercules Hoists Limited,57088
1104,KRITI,Kriti Industries (India) Limited,56424
1105,AGSTRA,AGS Transact Technologies Limited,56331
1106,NAHARPOLY,Nahar Poly Films Limited,56208
1107,MANINDS,Man Industries (India) Limited,55956
1108,ENIL,Entertainment Network (India) Limited,55679
1109,SYNCOMF,Syncom Formulations (India) Limited,55460
1110,KAMOPAINTS,Kamdhenu Ventures Limited,55218
1111,NAGAFERT,Nagarjuna Fertilizers and Chemicals Limited,55022
1112,SCPL,Sheetal Cool Products Limited,54994
1113,HPL,HPL Electric & Power Limited,54495
1114,INDOAMIN,Indo Amines Limited,54402
1115,DCMSRIND,DCM Shriram Industries Limited,54109
1116,MENONBE,Menon Bearings Limited,54051
1117,VASCONEQ,Vascon Engineers Limited,54003
1118,VLSFINANCE,VLS Finance Limited,53915
1119,BALAXI,BALAXI PHARMACEUTICALS LIMITED,53870
1120,ZEEMEDIA,Zee Media Corporation Limited,53787
1121,CREATIVE,Creative Newtech Limited,53676
1122,SNOWMAN,Snowman Logistics Limited,53468
1123,KOPRAN,Kopran Limited,53275
1124,SHREYAS,Shreyas Shipping & Logistics Limited,52555
1125,REFEX,Refex Industries Limited,52548
1126,KSOLVES,Ksolves India Limited,52433
1127,GFLLIMITED,GFL Limited,52289
1128,RUSHIL,Rushil Decor Limited,52115
1129,IRISDOREME,Iris Clothings Limited,51765
1130,SELMC,SEL Manufacturing Company Limited,51276
1131,BHAGERIA,Bhageria Industries Limited,51064
1132,ZUARI,Zuari Agro Chemicals Limited,50974
1133,TALBROAUTO,Talbros Automotive Components Limited,50512
1134,RUBYMILLS,The Ruby Mills Limited,50511
1135,OSWALSEEDS,ShreeOswal Seeds And Chemicals Limited,49508
1136,DPWIRES,D P Wires Limited,49313
1137,SMSPHARMA,SMS Pharmaceuticals Limited,49310
1138,DHARMAJ,Dharmaj Crop Guard Limited,48938
1139,RBL,Rane Brake Lining Limited,48745
1140,GOYALALUM,Goyal Aluminiums Limited,48700
1141,NRL,Nupur Recyclers Limited,48208
1142,MIRZAINT,Mirza International Limited,48163
1143,VIKASLIFE,Vikas Lifecare Limited,48105
1144,WINDLAS,Windlas Biotech Limited,47559
1145,HITECHGEAR,The Hi-Tech Gears Limited,47408
1146,SHREEPUSHK,Shree Pushkar Chemicals & Fertilisers Limited,46870
1147,SPENCERS,Spencer's Retail Limited,46692
1148,KANORICHEM,Kanoria Chemicals & Industries Limited,46555
1149,JPOLYINVST,Jindal Poly Investment and Finance Company Limited,46505
1150,ASAL,Automotive Stampings and Assemblies Limited,46499
1151,SILVERTUC,Silver Touch Technologies Limited,46343
1152,3IINFOLTD,3i Infotech Limited,46244
1153,MALLCOM,Mallcom (India) Limited,45795
1154,CREST,Crest Ventures Limited,45378
1155,REPRO,Repro India Limited,45370
1156,MARINE,Marine Electricals (India) Limited,45284
1157,KECL,Kirloskar Electric Company Limited,45261
1158,DENORA,De Nora India Limited,45211
1159,EXXARO,Exxaro Tiles Limited,45121
1160,MAGADSUGAR,Magadh Sugar & Energy Limited,44980
1161,ASIANTILES,Asian Granito India Limited,44424
1162,JAYAGROGN,Jayant Agro Organics Limited,44025
1163,DIGISPICE,DiGiSPICE Technologies Limited,43993
1164,BBTCL,B&B Triplewall Containers Limited,43935
1165,PREMEXPLN,Premier Explosives Limited,43477
1166,SWELECTES,Swelect Energy Systems Limited,43240
1167,KELLTONTEC,Kellton Tech Solutions Limited,42522
1168,MUTHOOTCAP,Muthoot Capital Services Limited,42336
1169,APCL,Anjani Portland Cement Limited,42182
1170,ASIANENE,Asian Energy Services Limited,42053
1171,DONEAR,Donear Industries Limited,41912
1172,ADSL,Allied Digital Services Limited,41616
1173,BANSWRAS,Banswara Syntex Limited,41472
1174,NAHARCAP,Nahar Capital and Financial Services Limited,41472
1175,ICEMAKE,Ice Make Refrigeration Limited,41374
1176,BAIDFIN,Baid Finserv Limited,41063
1177,STCINDIA,The State Trading Corporation of India Limited,41040
1178,TBZ,Tribhovandas Bhimji Zaveri Limited,40772
1179,SALZERELEC,Salzer Electronics Limited,40588
1180,IFBAGRO,IFB Agro Industries Limited,40335
1181,PTL,PTL Enterprises Limited,40309
1182,ARIHANTCAP,Arihant Capital Markets Limited,40240
1183,CSLFINANCE,CSL Finance Limited,40159
1184,UNIVPHOTO,Universus Photo Imagings Limited,39862
1185,HARDWYN,Hardwyn India Limited,39857
1186,DSSL,Dynacons Systems & Solutions Limited,39736
1187,REVATHI,Revathi Equipment Limited,39352
1188,HCL-INSYS,HCL Infosystems Limited,39341
1189,PLASTIBLEN,Plastiblends India Limited,39244
1190,UNIDT,United Drilling Tools Limited,39084
1191,CAREERP,Career Point Limited,39033
1192,ARROWGREEN,Arrow Greentech Limited,39010
1193,SREEL,Sreeleathers Limited,38924
1194,SBC,SBC Exports Limited,38836
1195,RADIOCITY,Music Broadcast Limited,38303
1196,SERVOTECH,Servotech Power Systems Limited,38278
1197,SAKAR,Sakar Healthcare Limited,38194
1198,BALAJITELE,Balaji Telefilms Limited,37519
1199,GOACARBON,Goa Carbon Limited,37428
1200,BIRLACABLE,Birla Cable Limited,37380
1201,RITCO,Ritco Logistics Limited,37082
1202,SELAN,Selan Exploration Technology Limited,36997
1203,OSIAHYPER,Osia Hyper Retail Limited,36661
1204,HINDCOMPOS,Hindustan Composites Limited,36598
1205,DHANBANK,Dhanlaxmi Bank Limited,36560
1206,DYCL,Dynamic Cables Limited,36554
1207,DHUNINV,Dhunseri Investments Limited,36546
1208,EIFFL,Euro India Fresh Foods Limited,36382
1209,MUNJALAU,Munjal Auto Industries Limited,36300
1210,NAHARINDUS,Nahar Industrial Enterprises Limited,36051
1211,DELPHIFX,DELPHI WORLD MONEY LIMITED,36038
1212,URJA,Urja Global Limited,35994
1213,PRIMESECU,Prime Securities Limited,35852
1214,NECLIFE,Nectar Lifesciences Limited,35770
1215,NBIFIN,N. B. I. Industrial Finance Company Limited,35680
1216,GRPLTD,GRP Limited,35600
1217,MAWANASUG,Mawana Sugars Limited,35244
1218,ZIMLAB,Zim Laboratories Limited,35204
1219,PDMJEPAPER,Pudumjee Paper Products Limited,35084
1220,ONEPOINT,One Point One Solutions Limited,35073
1221,MAXIND,Max India Limited,35047
1222,SHYAMCENT,Shyam Century Ferrous Limited,35009
1223,VARDHACRLC,Vardhman Acrylics Limited,34958
1224,RADHIKAJWE,Radhika Jeweltech Limited,34940
1225,THEINVEST,The Investment Trust Of India Limited,34924
1226,HTMEDIA,HT Media Limited,34796
1227,NRAIL,N R Agarwal Industries Limited,34702
1228,RCOM,Reliance Communications Limited,34569
1229,DICIND,DIC India Limited,34536
1230,OSWALAGRO,Oswal Agro Mills Limited,34498
1231,POCL,Pondy Oxides & Chemicals Limited,34479
1232,AARTISURF,Aarti Surfactants Limited,34411
1233,SKMEGGPROD,SKM Egg Products Export (India) Limited,34400
1234,DEEPENR,DEEP ENERGY RESOURCES LIMITED,34336
1235,FCSSOFT,FCS Software Solutions Limited,34191
1236,MUNJALSHOW,Munjal Showa Limited,34076
1237,KOTHARIPRO,Kothari Products Limited,34052
1238,PONNIERODE,Ponni Sugars (Erode) Limited,34033
1239,CHEMBOND,Chembond Chemicals Ltd,34017
1240,KERNEX,Kernex Microsystems (India) Limited,33878
1241,RANASUG,Rana Sugars Limited,33785
1242,CUPID,Cupid Limited,33752
1243,BGRENERGY,BGR Energy Systems Limited,33699
1244,GENUSPAPER,Genus Paper & Boards Limited,33555
1245,GSS,GSS Infotech Limited,33552
1246,PENINLAND,Peninsula Land Limited,33365
1247,JYOTISTRUC,Jyoti Structures Limited,33313
1248,ADVANIHOTR,Advani Hotels & Resorts (India) Limited,33301
1249,KAYA,Kaya Limited,33222
1250,KOTHARIPET,Kothari Petrochemicals Limited,33219
1251,LIBERTSHOE,Liberty Shoes Limited,33168
1252,KHADIM,Khadim India Limited,33145
1253,PPL,Prakash Pipes Limited,33139
1254,VIPCLOTHNG,VIP Clothing Limited,33121
1255,NDRAUTO,Ndr Auto Components Limited,32996
1257,INDOBORAX,Indo Borax & Chemicals Limited,32716
1258,CONSOFINVT,Consolidated Finvest & Holdings Limited,32682
1259,INDSWFTLAB,Ind-Swift Laboratories Limited,32616
1260,ZUARIIND,ZUARI INDUSTRIES LIMITED,32432
1261,GVKPIL,GVK Power & Infrastructure Limited,32362
1262,SBGLP,Suratwwala Business Group Limited,32099
1264,CHEMFAB,Chemfab Alkalis Limited,32087
1265,GLOBAL,Global Education Limited,31640
1266,INTLCONV,International Conveyors Limited,31464
1267,ORBTEXP,Orbit Exports Limited,31372
1268,SOUTHWEST,South West Pinnacle Exploration Limited,31167
1269,KAMATHOTEL,Kamat Hotels (I) Limited,31013
1270,RAJMET,Rajnandini Metal Limited,30966
1271,RAMAPHO,Rama Phosphates Limited,30910
1272,OMINFRAL,OM INFRA LIMITED,30865
1273,HMVL,Hindustan Media Ventures Limited,30832
1274,AYMSYNTEX,AYM Syntex Limited,30716
1275,MSPL,MSP Steel & Power Limited,30448
1276,WEALTH,Wealth First Portfolio Managers Limited,30335
1277,UNITECH,Unitech Limited,30087
1278,WEBELSOLAR,Websol Energy System Limited,29971
1279,NURECA,Nureca Limited,29956
1280,LYKALABS,Lyka Labs Limited,29938
1281,GKWLIMITED,GKW Limited,29785
1282,MHLXMIRU,Mahalaxmi Rubtech Limited,29710
1283,AURUM,Aurum PropTech Limited,29574
1284,SKYGOLD,Sky Gold Limited,29272
1285,ALBERTDAVD,Albert David Limited,29252
1286,PAVNAIND,Pavna Industries Limited,29203
1287,CINELINE,Cineline India Limited,29167
1288,KOTARISUG,Kothari Sugars And Chemicals Limited,28928
1289,SHEMAROO,Shemaroo Entertainment Limited,28908
1290,SILINV,SIL Investments Limited,28752
1291,MMP,MMP Industries Limited,28603
1292,EQUIPPP,Equippp Social Impact Technologies Limited,28506
1293,MANORG,Mangalam Organics Limited,28490
1294,CYBERTECH,Cybertech Systems And Software Limited,28359
1295,TRIGYN,Trigyn Technologies Limited,28292
1296,SINTERCOM,Sintercom India Limited,28161
1297,JINDALPHOT,Jindal Photo Limited,28005
1298,SARLAPOLY,Sarla Performance Fibers Limited,27890
1299,RUCHIRA,Ruchira Papers Limited,27845
1300,ESSENTIA,Integra Essentia Limited,27650
1301,MACPOWER,Macpower CNC Machines Limited,27591
1302,AUTOIND,Autoline Industries Limited,27527
1304,APOLSINHOT,Apollo Sindoori Hotels Limited,27359
1305,DYNPRO,Dynemic Products Limited,27281
1306,CLEDUCATE,CL Educate Limited,27259
1307,PARSVNATH,Parsvnath Developers Limited,27199
1309,MIRCELECTR,MIRC Electronics Limited,27137
1310,VISHWARAJ,Vishwaraj Sugar Industries Limited,27134
1311,HINDMOTORS,Hindustan Motors Limited,26917
1312,NINSYS,NINtec Systems Limited,26889
1313,NATHBIOGEN,Nath Bio-Genes (India) Limited,26843
1314,GEECEE,GeeCee Ventures Limited,26725
1315,KCPSUGIND,KCP Sugar and Industries Corporation Limited,26702
1316,STEL,Stel Holdings Limited,26520
1317,PODDARMENT,Poddar Pigments Limited,26355
1318,HITECHCORP,Hitech Corporation Limited,26339
1319,MICEL,MIC Electronics Limited,26241
1320,ORICONENT,Oricon Enterprises Limited,26227
1321,20MICRONS,20 Microns Limited,26218
1322,MINDTECK,Mindteck (India) Limited,26149
1323,GOKUL,Gokul Refoils and Solvent Limited,26036
1324,WEL,Wonder Electricals Limited,25957
1325,SUPERHOUSE,Superhouse Limited,25947
1326,LOYALTEX,Loyal Textile Mills Limited,25922
1327,BPL,BPL Limited,25859
1328,BIRLAMONEY,Aditya Birla Money Limited,25714
1329,GPTINFRA,GPT Infraprojects Limited,25625
1330,E2E,E2E Networks Limited,25585
1331,SHIVAMAUTO,Shivam Autotech Limited,25544
1332,DCMNVL,DCM Nouvelle Limited,25215
1333,MAZDA,Mazda Limited,24821
1334,WINDMACHIN,Windsor Machines Limited,24544
1335,BASML,Bannari Amman Spinning Mills Limited,24316
1336,WALCHANNAG,Walchandnagar Industries Limited,24223
1337,SEJALLTD,Sejal Glass Limited,24083
1339,MAHEPC,Mahindra EPC Irrigation Limited,23983
1340,V2RETAIL,V2 Retail Limited,23969
1341,SAKUMA,Sakuma Exports Limited,23925
1342,VERTOZ,Vertoz Advertising Limited,23910
1343,KMSUGAR,K.M.Sugar Mills Limited,23874
1344,ASHIMASYN,Ashima Limited,23862
1345,UFO,UFO Moviez India Limited,23841
1346,VIKASECO,Vikas EcoTech Limited,23714
1347,SAKHTISUG,Sakthi Sugars Limited,23710
1348,MAHESHWARI,Maheshwari Logistics Limited,23574
1349,MAANALU,Maan Aluminium Limited,23540
1350,HUBTOWN,Hubtown Limited,23511
1351,REPL,Rudrabhishek Enterprises Limited,23412
1352,MANAKSTEEL,Manaksia Steels Limited,23265
1353,EMAMIREAL,Emami Realty Limited,23236
1354,GENCON,Generic Engineering Construction and Projects Limited,23177
1355,STARPAPER,Star Paper Mills Limited,22843
1356,GUJAPOLLO,Gujarat Apollo Industries Limited,22745
1357,JAYSREETEA,Jayshree Tea & Industries Limited,22712
1358,NDL,Nandan Denim Limited,22631
1359,BCONCEPTS,Brand Concepts Limited,22525
1360,GIRRESORTS,GIR Natureview Resorts Limited,22472
1361,SMLT,Sarthak Metals Limited,22451
1362,TPLPLASTEH,TPL Plastech Limited,22309
1363,TEMBO,Tembo Global Industries Limited,22224
1364,DANGEE,Dangee Dums Limited,22095
1365,NIPPOBATRY,Indo-National Limited,22069
1366,ASIANHOTNR,Asian Hotels (North) Limited,22041
1367,BRNL,Bharat Road Network Limited,22037
1368,PPAP,PPAP Automotive Limited,21980
1369,PASUPTAC,Pasupati Acrylon Limited,21882
1370,ASAHISONG,Asahi Songwon Colors Limited,21801
1371,PRECOT,Precot Limited,21792
1372,MEP,MEP Infrastructure Developers Limited,21738
1373,VENUSREM,Venus Remedies Limited,21715
1374,KILITCH,Kilitch Drugs (India) Limited,21691
1375,BTML,Bodhi Tree Multimedia Limited,21618
1376,MEGASTAR,Megastar Foods Limited,21508
1377,DRCSYSTEMS,DRC Systems India Limited,21446
1378,ZODIACLOTH,Zodiac Clothing Company Limited,21276
1379,HILTON,Hilton Metal Forging Limited,20979
1380,INDOTHAI,Indo Thai Securities Limited,20855
1381,JITFINFRA,JITF Infralogistics Limited,20846
1382,EROSMEDIA,Eros International Media Limited,20765
1383,DEVIT,Dev Information Technology Limited,20725
1384,BIL,Bhartiya International Limited,20703
1385,EIMCOELECO,Eimco Elecon (India) Limited,20547
1386,ANMOL,Anmol India Limited,20512
1387,COASTCORP,Coastal Corporation Limited,20384
1388,RAJTV,Raj Television Network Limited,20376
1389,RELCAPITAL,Reliance Capital Limited,20217
1390,MGEL,Mangalam Global Enterprise Limited,20091
1391,INDTERRAIN,Indian Terrain Fashions Limited,19976
1392,TAKE,Take Solutions Limited,19971
1393,TOTAL,Total Transport Systems Limited,19957
1394,ACCURACY,Accuracy Shipping Limited,19949
1395,AVG,AVG Logistics Limited,19894
1396,HARRMALAYA,Harrisons  Malayalam Limited,19784
1397,SHREYANIND,Shreyans Industries Limited,19742
1398,LOKESHMACH,Lokesh Machines Limited,19686
1399,LGBFORGE,LGB Forge Limited,19652
1400,SIGMA,Sigma Solve Limited,19440
1401,MARALOVER,Maral Overseas Limited,19426
1402,ABAN,Aban Offshore Limited,19406
1403,BAFNAPH,Bafna Pharmaceuticals Limited,19398
1404,BEDMUTHA,Bedmutha Industries Limited,19391
1405,SIMPLEXINF,Simplex Infrastructures Limited,19314
1406,ARIES,Aries Agro Limited,19305
1407,DTIL,Dhunseri Tea & Industries Limited,19087
1408,KRITINUT,Kriti Nutrients Limited,19039
1409,IVC,IL&FS Investment Managers Limited,18528
1410,IITL,Industrial Investment Trust Limited,18433
1411,AARON,Aaron Industries Limited,18416
1412,NILAINFRA,Nila Infrastructures Limited,18316
1413,INDOTECH,Indo Tech Transformers Limited,18261
1414,PVP,PVP Ventures Limited,18134
1415,AHLEAST,Asian Hotels (East) Limited,18035
1416,SAH,Sah Polymers Limited,18019
1417,TIPSFILMS,Tips Films Limited,17951
1418,KANPRPLA,Kanpur Plastipack Limited,17690
1419,VINNY,Vinny Overseas Limited,17679
1420,MCLEODRUSS,Mcleod Russel India Limited,17653
1421,TRF,TRF Limited,17624
1422,MANOMAY,Manomay Tex India Limited,17591
1423,INSPIRISYS,Inspirisys Solutions Limited,17511
1424,AIRAN,Airan Limited,17378
1425,MODISONLTD,MODISON LIMITED,17345
1426,MURUDCERA,Murudeshwar Ceramics Limited,17309
1427,PAR,Par Drugs And Chemicals Limited,17226
1428,SGIL,Synergy Green Industries Limited,16977
1429,SPLIL,SPL Industries Limited,16965
1430,GEEKAYWIRE,Geekay Wires Limited,16838
1431,PALREDTEC,Palred Technologies Limited,16728
1432,ESSARSHPNG,Essar Shipping Limited,16558
1433,SIL,Standard Industries Limited,16533
1434,PRITI,Priti International Limited,16528
1435,AKSHARCHEM,AksharChem India Limited,16472
1436,RAMANEWS,Shree Rama Newsprint Limited,16449
1437,RUCHINFRA,Ruchi Infrastructure Limited,16419
1438,ALANKIT,Alankit Limited,16393
1439,MEGASOFT,Megasoft Limited,16303
1440,IZMO,IZMO Limited,16237
1441,GULFPETRO,GP Petroleums Limited,16188
1442,TOUCHWOOD,Touchwood Entertainment Limited,16153
1444,TARMAT,Tarmat Limited,16082
1445,RPPL,Rajshree Polypack Limited,16080
1446,IEL,Indiabulls Enterprises Limited,15966
1447,BHARATGEAR,Bharat Gears Limited,15885
1448,GOLDTECH,Goldstone Technologies Limited,15856
1449,MBLINFRA,MBL Infrastructure Limited,15766
1450,IL&FSENGG,IL&FS Engineering and Construction Company Limited,15735
1451,BSL,BSL Limited,15726
1452,UNITEDPOLY,United Polyfab Gujarat Limited,15703
1453,PASHUPATI,Pashupati Cotspin Limited,15605
1454,SHIVATEX,Shiva Texyarn Limited,15536
1455,MANGALAM,Mangalam Drugs And Organics Limited,15512
1456,PREMIERPOL,Premier Polyfilm Limited,15429
1457,SMSLIFE,SMS Lifesciences India Limited,15420
1458,BROOKS,Brooks Laboratories Limited,15402
1459,VAISHALI,Vaishali Pharma Limited,15387
1460,ALMONDZ,Almondz Global Securities Limited,15376
1461,3RDROCK,3rd Rock Multimedia Limited,15316
1462,PRESSMN,Pressman Advertising Limited,15299
1463,AARVI,Aarvi Encon Limited,15272
1464,AKSHAR,Akshar Spintex Limited,15249
1465,LATTEYS,Latteys Industries Limited,15236
1466,VISESHINFO,Visesh Infotecnics Limited,15098
1467,BHAGYANGR,Bhagyanagar India Limited,15038
1468,TTL,T T Limited,14984
1469,SADBHAV,Sadbhav Engineering Limited,14841
1470,COMPUSOFT,Compucom Software Limited,14796
1471,KAKATCEM,Kakatiya Cement Sugar & Industries Limited,14794
1472,RPPINFRA,R.P.P. Infra Projects Limited,14790
1473,SVLL,Shree Vasu Logistics Limited,14780
1474,SMARTLINK,Smartlink Holdings Limited,14763
1475,ASPINWALL,Aspinwall and Company Limited,14761
1476,LAMBODHARA,Lambodhara Textiles Limited,14684
1477,DJML,DJ Mediaprint & Logistics Limited,14683
1478,TIL,TIL Limited,14649
1479,ELGIRUBCO,Elgi Rubber Company Limited,14640
1480,WORTH,Worth Peripherals Limited,14491
1481,ISFT,Intrasoft Technologies Limited,14481
1482,GINNIFILA,Ginni Filaments Limited,14475
1483,PILITA,PIL ITALICA LIFESTYLE LIMITED,14453
1484,SOFTTECH,Softtech Engineers Limited,14437
1485,DUCON,Ducon Infratechnologies Limited,14427
1486,VETO,Veto Switchgears And Cables Limited,14374
1487,RANEENGINE,Rane Engine Valve Limited,14267
1488,AVONMORE,Avonmore Capital & Management Services Limited,14222
1489,KBCGLOBAL,KBC Global Limited,14145
1490,PANSARI,Pansari Developers Limited,14071
1491,MODIRUBBER,Modi Rubber Limited,14060
1492,INVENTURE,Inventure Growth & Securities Limited,13860
1493,KAPSTON,Kapston Services Limited,13831
1494,AKSHOPTFBR,Aksh Optifibre Limited,13748
1495,JMA,Jullundur Motor Agency (Delhi) Limited,13739
1496,EMMBI,Emmbi Industries Limited,13736
1497,NITCO,Nitco Limited,13725
1498,IRIS,Iris Business Services Limited,13669
1499,UNITEDTEA,The United Nilgiri Tea Estates Company Limited,13476
1500,JOCIL,Jocil Limited,13455
1501,MANAKALUCO,Manaksia Aluminium Company Limited,13369
1502,VIPULLTD,Vipul Limited,13258
1503,SIKKO,Sikko Industries Limited,13255
1504,GILLANDERS,Gillanders Arbuthnot & Company Limited,13158
1505,SVPGLOB,SVP GLOBAL TEXTILES LIMITED,13093
1506,VISASTEEL,Visa Steel Limited,13084
1507,DCM,DCM  Limited,13084
1508,INTENTECH,Intense Technologies Limited,12991
1509,TEXMOPIPES,Texmo Pipes and Products Limited,12977
1510,WEIZMANIND,Weizmann Limited,12957
1511,BYKE,The Byke Hospitality Ltd,12952
1512,RAJSREESUG,Rajshree Sugars & Chemicals Limited,12923
1513,ZODIAC,Zodiac Energy Limited,12914
1514,ARSHIYA,Arshiya Limited,12910
1515,UMANGDAIRY,Umang Dairies Limited,12905
1516,LOVABLE,Lovable Lingerie Limited,12898
1517,ALPHAGEO,Alphageo (India) Limited,12745
1518,NDGL,Naga Dhunseri Group Limited,12715
1519,PRAXIS,Praxis Home Retail Limited,12713
1520,ARTNIRMAN,Art Nirman Limited,12653
1521,NOIDATOLL,Noida Toll Bridge Company Limited,12568
1522,UMAEXPORTS,Uma Exports Limited,12543
1523,ATLANTA,Atlanta  Limited,12510
1524,MOTOGENFIN,The Motor & General Finance Limited,12509
1525,AVROIND,AVRO INDIA LIMITED,12493
1526,SALONA,Salona Cotspin Limited,12464
1527,INDIANCARD,Indian Card Clothing Company Limited,12459
1528,SPTL,Sintex Plastics Technology Limited,12405
1529,PRITIKAUTO,Pritika Auto Industries Limited,12370
1530,URAVI,Uravi T and Wedge Lamps Limited,12359
1531,IVP,IVP Limited,12293
1532,MAHAPEXLTD,Maha Rashtra Apex Corporation Limited,12282
1533,SOMATEX,Soma Textiles & Industries Limited,12255
1534,LEXUS,Lexus Granito (India) Limited,12215
1535,WANBURY,Wanbury Limited,12199
1536,LOTUSEYE,Lotus Eye Hospital and Institute Limited,12187
1537,KREBSBIO,Krebs Biochemicals and Industries Limited,12182
1538,RNAVAL,Reliance Naval and Engineering Limited,12170
1539,WSI,W S Industries (I) Limited,12125
1540,RHFL,Reliance Home Finance Limited,12114
1541,HDIL,Housing Development and Infrastructure Limited,12087
1542,DCI,Dc Infotech And Communication Limited,12048
1543,RVHL,Ravinder Heights Limited,12036
1544,XELPMOC,Xelpmoc Design And Tech Limited,11906
1545,RKEC,RKEC Projects Limited,11875
1546,RELCHEMQ,Reliance Chemotex Industries Limited,11870
1547,DIL,Debock Industries Limited,11848
1548,ATALREAL,Atal Realtech Limited,11782
1549,KOHINOOR,Kohinoor Foods Limited,11696
1550,SALSTEEL,S.A.L. Steel Limited,11640
1552,INDOWIND,Indowind Energy Limited,11559
1553,BLBLIMITED,BLB Limited,11498
1554,FRETAIL,Future Retail Limited,11388
1555,ROML,Raj Oil Mills Limited,11361
1556,SURANAT&P,Surana Telecom and Power Limited,11336
1557,ALPA,Alpa Laboratories Limited,11320
1558,SUNDRMBRAK,Sundaram Brake Linings Limited,11143
1559,NILASPACES,Nila Spaces Limited,11029
1560,AHLADA,Ahlada Engineers Limited,10970
1561,MAGNUM,Magnum Ventures Limited,10942
1562,REMSONSIND,Remsons Industries Limited,10918
1563,STARTECK,Starteck Finance Limited,10882
1564,BOHRAIND,Bohra Industries Limited,10866
1565,COMPINFO,Compuage Infocom Limited,10850
1566,CORALFINAC,Coral India Finance & Housing Limited,10801
1567,MRO-TEK,MRO-TEK Realty Limited,10706
1568,SECURKLOUD,SECUREKLOUD TECHNOLOGIES LIMITED,10641
1569,ZEELEARN,Zee Learn Limited,10598
1570,SADBHIN,Sadbhav Infrastructure Project Limited,10567
1571,BALPHARMA,Bal Pharma Limited,10520
1572,NIRAJ,Niraj Cement Structurals Limited,10400
1573,OBCL,Orissa Bengal Carrier Limited,10299
1574,TAINWALCHM,Tainwala Chemical and Plastic (I) Limited,10169
1575,ARCHIDPLY,Archidply Industries Limited,10072
1576,JHS,JHS Svendgaard Laboratories Limited,10060
1577,SITINET,Siti Networks Limited,10029
1578,MUKTAARTS,Mukta Arts Limited,10017
1579,GAYAPROJ,Gayatri Projects Limited,10015
1580,AKG,Akg Exim Limited,9994
1581,FCONSUMER,Future Consumer Limited,9985
1582,PALASHSECU,Palash Securities Limited,9908
1583,CCHHL,Country Club Hospitality & Holidays Limited,9890
1584,SIGIND,Signet Industries Limited,9847
1585,AIROLAM,Airo Lam limited,9811
1586,WELINV,Welspun Investments and Commercials Limited,9790
1587,CTE,Cambridge Technology Enterprises Limited,9766
1588,UNIVASTU,Univastu India Limited,9745
1589,SUNDARAM,Sundaram Multi Pap Limited,9714
1590,MANAKCOAT,Manaksia Coated Metals & Industries Limited,9699
1591,ARVEE,Arvee Laboratories (India) Limited,9698
1592,SECURCRED,SecUR Credentials Limited,9650
1593,ASTRON,Astron Paper & Board Mill Limited,9602
1594,FLFL,Future Lifestyle Fashions Limited,9584
1595,STEELCITY,Steel City Securities Limited,9540
1596,GANGESSECU,Ganges Securities Limited,9448
1597,INDBANK,Indbank Merchant Banking Services Limited,9364
1598,SUMIT,Sumit Woods Limited,9329
1599,FIBERWEB,Fiberweb (India) Limited,9329
1600,ALKALI,Alkali Metals Limited,9317
1601,LASA,Lasa Supergenerics Limited,9294
1602,JAIPURKURT,Nandani Creation Limited,9239
1603,DGCONTENT,Digicontent Limited,9106
1604,PKTEA,The Peria Karamalai Tea & Produce Company Limited,9057
1605,DAMODARIND,Damodar Industries Limited,9029
1606,NECCLTD,North Eastern Carrying Corporation Limited,8985
1607,CAPTRUST,Capital Trust Limited,8950
1608,MITCON,MITCON Consultancy & Engineering Services Limited,8925
1609,TIRUPATIFL,Tirupati Forge Limited,8918
1610,IL&FSTRANS,IL&FS Transportation Networks Limited,8882
1611,SRPL,Shree Ram Proteins Limited,8836
1612,SURYALAXMI,Suryalakshmi Cotton Mills Limited,8810
1613,CEREBRAINT,Cerebra Integrated Technologies Limited,8786
1614,KSHITIJPOL,Kshitij Polyline Limited,8738
1615,LAGNAM,Lagnam Spintex Limited,8728
1616,AMJLAND,Amj Land Holdings Limited,8692
1617,BINANIIND,Binani Industries Limited,8688
1618,INCREDIBLE,INCREDIBLE INDUSTRIES LIMITED,8534
1619,SHAHALLOYS,Shah Alloys Limited,8513
1620,AMDIND,AMD Industries Limited,8510
1621,OMAXAUTO,Omax Autos Limited,8463
1622,TOKYOPLAST,Tokyo Plast International Limited,8447
1623,GROBTEA,The Grob Tea Company Limited,8444
1624,ANIKINDS,Anik Industries Limited,8423
1625,SURANASOL,Surana Solar Limited,8390
1626,MAHASTEEL,Mahamaya Steel Industries Limited,8357
1627,SIMBHALS,Simbhaoli Sugars Limited,8235
1628,KALYANIFRG,Kalyani Forge Limited,8109
1629,HINDCON,Hindcon Chemicals Limited,8103
1630,CORDSCABLE,Cords Cable Industries Limited,8099
1631,YAARI,Yaari Digital Integrated Services Limited,8006
1632,SONAMCLOCK,Sonam Clock Limited,7986
1633,MAHICKRA,Mahickra Chemicals Limited,7960
1634,HPIL,Hindprakash Industries Limited,7917
1635,LPDC,Landmark Property Development Company Limited,7914
1636,DBSTOCKBRO,DB (International) Stock Brokers Limited,7893
1637,AUSOMENT,Ausom Enterprise Limited,7765
1638,BALLARPUR,Ballarpur Industries Limited,7761
1639,SPMLINFRA,SPML Infra Limited,7676
1640,BANKA,Banka BioLoo Limited,7560
1641,GOLDENTOBC,Golden Tobacco Limited,7554
1642,GTL,GTL Limited,7550
1643,ENERGYDEV,Energy Development Company Limited,7481
1644,PANACHE,Panache Digilife Limited,7470
1645,PIGL,Power & Instrumentation (Gujarat) Limited,7454
1646,DELTAMAGNT,Delta Manufacturing Limited,7444
1647,SHRADHA,Shradha Infraprojects Limited,7411
1648,PIONEEREMB,Pioneer Embroideries Limited,7390
1649,GLOBALVECT,Global Vectra Helicorp Limited,7378
1650,BAGFILMS,B.A.G Films and Media Limited,7317
1651,WIPL,The Western India Plywoods Limited,7269
1652,NITIRAJ,Nitiraj Engineers Limited,7263
1653,BEARDSELL,Beardsell Limited,7250
1654,KRITIKA,Kritika Wires Limited,7234
1655,PATINTLOG,Patel Integrated Logistics Limited,7104
1656,SETCO,Setco Automotive Limited,7090
1657,PRAENG,Prajay Engineers Syndicate Limited,7064
1658,ELECTHERM,Electrotherm (India) Limited,7034
1659,PRAKASHSTL,Prakash Steelage Limited,6913
1660,CINEVISTA,Cinevista Limited,6892
1661,SUULD,Suumaya Industries Limited,6890
1662,FLEXITUFF,Flexituff Ventures International Limited,6818
1664,HISARMETAL,Hisar Metal Industries Limited,6782
1665,SUVIDHAA,Suvidhaa Infoserve Limited,6742
1666,BIOFILCHEM,Biofil Chemicals & Pharmaceuticals Limited,6737
1667,MARSHALL,Marshall Machines Limited,6722
1668,CELEBRITY,Celebrity Fashions Limited,6692
1669,DHRUV,Dhruv Consultancy Services Limited,6620
1670,CENTEXT,Century Extrusions Limited,6600
1671,BHANDARI,Bhandari Hosiery Exports Limited,6374
1672,TREJHARA,TREJHARA SOLUTIONS LIMITED,6369
1673,FELIX,Felix Industries Limited,6364
1674,NGIL,Nakoda Group of Industries Limited,6361
1675,SUPREMEINF,Supreme Infrastructure India Limited,6360
1676,AGROPHOS,Agro Phos India Limited,6356
1677,MCL,Madhav Copper Limited,6243
1678,OILCOUNTUB,Oil Country Tubular Limited,6201
1679,MORARJEE,Morarjee Textiles Limited,6122
1680,AAREYDRUGS,Aarey Drugs & Pharmaceuticals Limited,6092
1681,AAKASH,Aakash Exploration Services Limited,6024
1682,VASWANI,Vaswani Industries Limited,6000
1683,KANANIIND,Kanani Industries Limited,5936
1684,ARCHIES,Archies Limited,5928
1685,SHIVAMILLS,Shiva Mills Limited,5907
1686,TREEHOUSE,Tree House Education & Accessories Limited,5839
1687,KEYFINSERV,Keynote Financial Services Limited,5780
1688,AROGRANITE,Aro Granite Industries Limited,5753
1689,SEYAIND,Seya Industries Limited,5739
1690,RSSOFTWARE,R. S. Software (India) Limited,5707
1691,ORIENTLTD,Orient Press Limited,5670
1692,EXCEL,Excel Realty N Infra Limited,5643
1693,RELIABLE,Reliable Data Services Limited,5573
1694,AAATECH,AAA Technologies Limited,5567
1695,AGRITECH,Agri-Tech (India) Limited,5551
1696,SHRENIK,Shrenik Limited,5508
1697,ANKITMETAL,Ankit Metal & Power Limited,5503
1698,JETFREIGHT,Jet Freight Logistics Limited,5476
1699,VARDMNPOLY,Vardhman Polytex Limited,5472
1700,SHREERAMA,Shree Rama Multi-Tech Limited,5427
1701,BVCL,Barak Valley Cements Limited,5341
1702,KKVAPOW,KKV Agro Powers Limited,5334
1703,HOVS,HOV Services Limited,5258
1704,FSC,Future Supply Chain Solutions Limited,5178
1705,ABMINTLLTD,ABM International Limited,5170
1706,SEPOWER,S.E. Power Limited,5157
1707,BANARBEADS,Banaras Beads Limited,5143
1708,REGENCERAM,Regency Ceramics Limited,5130
1709,PODDARHOUS,Poddar Housing and Development Limited,5125
1710,MALUPAPER,Malu Paper Mills Limited,4853
1711,MOKSH,Moksh Ornaments Limited,4776
1712,ZENITHSTL,Zenith Steel Pipes & Industries Limited,4766
1713,SAMBHAAV,Sambhaav Media Limited,4682
1714,BANG,Bang Overseas Limited,4644
1715,PNC,Pritish Nandy Communications Limited,4478
1716,TIMESGTY,Times Guaranty Limited,4411
1717,MANUGRAPH,Manugraph India Limited,4380
1718,ZENITHEXPO,Zenith Exports Limited,4263
1719,AARVEEDEN,Aarvee Denims & Exports Limited,4258
1720,SOMICONVEY,Somi Conveyor Beltings Limited,4241
1721,SGL,STL Global Limited,4143
1722,WEWIN,WE WIN LIMITED,4125
1723,AKASH,Akash Infra-Projects Limited,3996
1724,INDSWFTLTD,Ind-Swift Limited,3981
1725,KARMAENG,Karma Energy Limited,3974
1726,NAGREEKEXP,Nagreeka Exports Limited,3956
1727,BURNPUR,Burnpur Cement Limited,3919
1728,NIBL,NRB Industrial Bearings Limited,3889
1729,CUBEXTUB,Cubex Tubings Limited,3880
1730,VINEETLAB,Vineet Laboratories Limited,3817
1731,TERASOFT,Tera Software Limited,3691
1732,CROWN,Crown Lifters Limited,3690
1733,GLOBE,Globe Textiles (India) Limited,3627
1734,3PLAND,3P Land Holdings Limited,3618
1736,LFIC,Lakshmi Finance & Industrial Corporation Limited,3525
1737,VSCL,Vadivarhe Speciality Chemicals Limited,3522
1738,MADHAV,Madhav Marbles and Granites Limited,3507
1739,UJAAS,Ujaas Energy Limited,3505
1740,SUPERSPIN,Super Spinning Mills Limited,3493
1741,RKDL,Ravi Kumar Distilleries Limited,3492
1742,AMBICAAGAR,Ambica Agarbathies & Aroma industries Limited,3487
1743,ACEINTEG,Ace Integrated Solutions Limited,3478
1744,KHANDSE,Khandwala Securities Limited,3447
1745,SAGARDEEP,Sagardeep Alloys Limited,3437
1746,ADL,Archidply Decor Limited,3329
1747,HBSL,HB Stockholdings Limited,3280
1748,SANGINITA,Sanginita Chemicals Limited,3272
1749,GANGAFORGE,Ganga Forging Limited,3232
1750,NARMADA,Narmada Agrobase Limited,3109
1751,NAGREEKCAP,Nagreeka Capital & Infrastructure Limited,3059
1752,LAXMICOT,Laxmi Cotspin Limited,3052
1753,PEARLPOLY,Pearl Polymers Limited,3039
1754,HECPROJECT,HEC Infra Projects Limited,2945
1755,SANWARIA,Sanwaria Consumer Limited,2944
1756,GISOLUTION,GI Engineering Solutions Limited,2883
1757,PARASPETRO,Paras Petrofils Limited,2841
1758,HEADSUP,Heads UP Ventures Limited,2804
1759,VCL,Vaxtex Cotfab Limited,2778
1760,KEEPLEARN,DSJ Keep Learning Limited,2759
1761,COUNCODOS,Country Condo's Limited,2755
1762,ROLTA,Rolta India Limited,2737
1763,DHARSUGAR,Dharani Sugars & Chemicals Limited,2722
1764,NEXTMEDIA,Next Mediaworks Limited,2676
1765,DNAMEDIA,Diligent Media Corporation Limited,2648
1766,LIBAS,Libas Consumer Products Limited,2634
1767,BALKRISHNA,Balkrishna Paper Mills Limited,2588
1768,MTEDUCARE,MT Educare Limited,2564
1769,GODHA,Godha Cabcon & Insulation Limited,2554
1770,GOENKA,Goenka Diamond and Jewels Limited,2536
1771,HAVISHA,Sri Havisha Hospitality and Infrastructure Limited,2533
1772,MADHUCON,Madhucon Projects Limited,2509
1773,ROLLT,Rollatainers Limited,2501
1774,CYBERMEDIA,Cyber Media (India) Limited,2468
1775,TGBHOTELS,TGB Banquets And Hotels Limited,2343
1776,VIVIDHA,Visagar Polytex Limited,2342
1777,FMNL,Future Market Networks Limited,2302
1778,SUMEETINDS,Sumeet Industries Limited,2280
1779,ICDSLTD,ICDS Limited,2280
1780,MPTODAY,Madhya Pradesh Today Media Limited,2220
1781,21STCENMGM,21st Century Management Services Limited,2184
1782,HYBRIDFIN,Hybrid Financial Services Limited,2178
1783,TFL,Transwarranty Finance Limited,2177
1784,IMPEXFERRO,Impex Ferro Tech Limited,2154
1785,INFOMEDIA,Infomedia Press Limited,2133
1786,NKIND,NK Industries Limited,2121
1787,SHANTI,Shanti Overseas (India) Limited,2060
1788,FEL,Future Enterprises Limited,2047
1789,THOMASCOTT,Thomas Scott (India) Limited,2035
1790,KHAITANLTD,Khaitan (India) Limited,2024
1791,WILLAMAGOR,Williamson Magor & Company Limited,1972
1792,LCCINFOTEC,LCC Infotech Limited,1962
1793,UNIINFO,Uniinfo Telecom Services Limited,1962
1794,ASMS,Bartronics India Limited,1949
1795,GAYAHWS,Gayatri Highways Limited,1797
1796,CALSOFT,California Software Company Limited,1785
1797,ORIENTALTL,Oriental Trimex Limited,1764
1798,ONELIFECAP,Onelife Capital Advisors Limited,1764
1799,VIJIFIN,Viji Finance Limited,1733
1800,DIGJAMLMTD,Digjam Limited,1664
1801,KRIDHANINF,Kridhan Infra Limited,1659
1802,SILLYMONKS,Silly Monks Entertainment Limited,1634
1803,TANTIACONS,Tantia Constructions Limited,1628
1804,SUPREMEENG,Supreme Engineering Limited,1625
1805,SILGO,Silgo Retail Limited,1597
1806,MOHITIND,Mohit Industries Limited,1593
1807,EDUCOMP,Educomp Solutions Limited,1592
1808,EASTSILK,Eastern Silk Industries Limited,1540
1809,CMICABLES,CMI Limited,1499
1810,MITTAL,Mittal Life Style Limited,1441
1811,ORTINLAB,Ortin Laboratories Limited,1427
1812,KAUSHALYA,Kaushalya Infrastructure Development Corporation Limited,1368
1813,GUJRAFFIA,Gujarat Raffia Industries Limited,1351
1814,MASKINVEST,Mask Investments Limited,1335
1815,CONTI,Continental Seeds and Chemicals Limited,1275
1816,EUROTEXIND,Eurotex Industries and Exports Limited,1216
1817,TIJARIA,Tijaria Polypipes Limited,1202
1818,TNTELE,Tamilnadu Telecommunication Limited,1201
1819,SETUINFRA,Setubandhan Infrastructure Limited,1131
1820,LYPSAGEMS,Lypsa Gems & Jewellery Limited,1091
1821,METALFORGE,Metalyst Forgings Limited,1089
1822,SSINFRA,S.S. Infrastructure Development Consultants Limited,1084
1823,RMCL,Radha Madhav Corporation Limited,1036
1824,JALAN,Jalan Transolutions (India) Limited,1025
1825,SANCO,Sanco Industries Limited,994
1826,KAVVERITEL,Kavveri Telecom Products Limited,946
1827,TECHIN,Techindia Nirman Limited,946
1828,NORBTEAEXP,Norben Tea & Exports Limited,940
1829,SPENTEX,Spentex Industries Limited,898
1830,CREATIVEYE,Creative Eye Limited,873
1831,ANTGRAPHIC,Antarctica Limited,853
1832,TVVISION,TV Vision Limited,845
1833,ARENTERP,Rajdarshan Industries Limited,836
1834,UMESLTD,Usha Martin Education & Solutions Limited,832
1835,SHYAMTEL,Shyam Telecom Limited,811
1836,GLFL,Gujarat Lease Financing Limited,678
1837,CMMIPL,CMM Infraprojects Limited,674
1838,DCMFINSERV,DCM Financial Services Limited,667
1839,PREMIER,Premier Limited,592
1840,SABTN,Sri Adhikari Brothers Television Network Limited,577
1841,TARAPUR,Tarapur Transformers Limited,546
1842,BKMINDST,Bkm Industries Limited,524
1843,ALPSINDUS,Alps Industries Limited,508
1844,INNOVATIVE,Innovative Tyres and Tubes Limited,423
1845,LAKPRE,Lakshmi Precision Screws Limited,394
1846,MELSTAR,Melstar Information Technologies Limited,336
1847,SABEVENTS,Sab Events & Governance Now Media Limited,320
1848,INDLMETER,IMP Powers Limited,259
1850,COMPLETED,FDFF,0
